ForecastDate,Date,CountryCode,CountryName,Estimated,Confirmed,ForecastChart
2020-03-19,2020-02-22,AE,United Arab Emirates,3.601,11,charts/2020-03-19_AE.svg
2020-03-19,2020-02-23,AE,United Arab Emirates,4.857,13,charts/2020-03-19_AE.svg
2020-03-19,2020-02-24,AE,United Arab Emirates,6.432,13,charts/2020-03-19_AE.svg
2020-03-19,2020-02-25,AE,United Arab Emirates,8.373,13,charts/2020-03-19_AE.svg
2020-03-19,2020-02-26,AE,United Arab Emirates,10.724,13,charts/2020-03-19_AE.svg
2020-03-19,2020-02-27,AE,United Arab Emirates,13.530,13,charts/2020-03-19_AE.svg
2020-03-19,2020-02-28,AE,United Arab Emirates,16.828,19,charts/2020-03-19_AE.svg
2020-03-19,2020-02-29,AE,United Arab Emirates,20.652,19,charts/2020-03-19_AE.svg
2020-03-19,2020-03-01,AE,United Arab Emirates,25.030,21,charts/2020-03-19_AE.svg
2020-03-19,2020-03-02,AE,United Arab Emirates,29.981,21,charts/2020-03-19_AE.svg
2020-03-19,2020-03-04,AE,United Arab Emirates,35.516,27,charts/2020-03-19_AE.svg
2020-03-19,2020-03-06,AE,United Arab Emirates,41.640,29,charts/2020-03-19_AE.svg
2020-03-19,2020-03-08,AE,United Arab Emirates,48.346,45,charts/2020-03-19_AE.svg
2020-03-19,2020-03-10,AE,United Arab Emirates,55.622,59,charts/2020-03-19_AE.svg
2020-03-19,2020-03-11,AE,United Arab Emirates,63.446,74,charts/2020-03-19_AE.svg
2020-03-19,2020-03-13,AE,United Arab Emirates,71.790,85,charts/2020-03-19_AE.svg
2020-03-19,2020-03-15,AE,United Arab Emirates,80.620,85,charts/2020-03-19_AE.svg
2020-03-19,2020-03-16,AE,United Arab Emirates,89.894,86,charts/2020-03-19_AE.svg
2020-03-19,2020-03-17,AE,United Arab Emirates,99.570,98,charts/2020-03-19_AE.svg
2020-03-19,2020-03-18,AE,United Arab Emirates,109.599,113,charts/2020-03-19_AE.svg
2020-03-19,2020-03-19,AE,United Arab Emirates,119.932,113,charts/2020-03-19_AE.svg
2020-03-19,2020-03-20,AE,United Arab Emirates,130.518,,charts/2020-03-19_AE.svg
2020-03-19,2020-03-21,AE,United Arab Emirates,141.304,,charts/2020-03-19_AE.svg
2020-03-19,2020-03-22,AE,United Arab Emirates,152.240,,charts/2020-03-19_AE.svg
2020-03-19,2020-03-02,AT,Austria,5.677,14,charts/2020-03-19_AT.svg
2020-03-19,2020-03-03,AT,Austria,9.168,18,charts/2020-03-19_AT.svg
2020-03-19,2020-03-04,AT,Austria,14.471,24,charts/2020-03-19_AT.svg
2020-03-19,2020-03-05,AT,Austria,22.349,29,charts/2020-03-19_AT.svg
2020-03-19,2020-03-06,AT,Austria,33.810,41,charts/2020-03-19_AT.svg
2020-03-19,2020-03-07,AT,Austria,50.147,74,charts/2020-03-19_AT.svg
2020-03-19,2020-03-08,AT,Austria,72.993,99,charts/2020-03-19_AT.svg
2020-03-19,2020-03-09,AT,Austria,104.362,102,charts/2020-03-19_AT.svg
2020-03-19,2020-03-10,AT,Austria,146.690,131,charts/2020-03-19_AT.svg
2020-03-19,2020-03-11,AT,Austria,202.865,182,charts/2020-03-19_AT.svg
2020-03-19,2020-03-12,AT,Austria,276.249,246,charts/2020-03-19_AT.svg
2020-03-19,2020-03-13,AT,Austria,370.680,361,charts/2020-03-19_AT.svg
2020-03-19,2020-03-14,AT,Austria,490.464,504,charts/2020-03-19_AT.svg
2020-03-19,2020-03-15,AT,Austria,640.349,655,charts/2020-03-19_AT.svg
2020-03-19,2020-03-16,AT,Austria,825.475,860,charts/2020-03-19_AT.svg
2020-03-19,2020-03-17,AT,Austria,1051.312,1016,charts/2020-03-19_AT.svg
2020-03-19,2020-03-18,AT,Austria,1323.582,1332,charts/2020-03-19_AT.svg
2020-03-19,2020-03-19,AT,Austria,1648.163,1646,charts/2020-03-19_AT.svg
2020-03-19,2020-03-20,AT,Austria,2030.989,,charts/2020-03-19_AT.svg
2020-03-19,2020-03-21,AT,Austria,2477.932,,charts/2020-03-19_AT.svg
2020-03-19,2020-03-22,AT,Austria,2994.689,,charts/2020-03-19_AT.svg
2020-03-19,2020-02-02,AU,Australia,0.072,11,charts/2020-03-19_AU.svg
2020-03-19,2020-02-03,AU,Australia,0.088,11,charts/2020-03-19_AU.svg
2020-03-19,2020-02-04,AU,Australia,0.107,11,charts/2020-03-19_AU.svg
2020-03-19,2020-02-05,AU,Australia,0.130,12,charts/2020-03-19_AU.svg
2020-03-19,2020-02-06,AU,Australia,0.159,13,charts/2020-03-19_AU.svg
2020-03-19,2020-02-07,AU,Australia,0.193,14,charts/2020-03-19_AU.svg
2020-03-19,2020-02-08,AU,Australia,0.235,14,charts/2020-03-19_AU.svg
2020-03-19,2020-02-09,AU,Australia,0.286,14,charts/2020-03-19_AU.svg
2020-03-19,2020-02-10,AU,Australia,0.348,14,charts/2020-03-19_AU.svg
2020-03-19,2020-02-11,AU,Australia,0.423,14,charts/2020-03-19_AU.svg
2020-03-19,2020-02-12,AU,Australia,0.514,14,charts/2020-03-19_AU.svg
2020-03-19,2020-02-13,AU,Australia,0.625,14,charts/2020-03-19_AU.svg
2020-03-19,2020-02-14,AU,Australia,0.760,15,charts/2020-03-19_AU.svg
2020-03-19,2020-02-15,AU,Australia,0.924,15,charts/2020-03-19_AU.svg
2020-03-19,2020-02-16,AU,Australia,1.123,15,charts/2020-03-19_AU.svg
2020-03-19,2020-02-17,AU,Australia,1.365,15,charts/2020-03-19_AU.svg
2020-03-19,2020-02-18,AU,Australia,1.659,15,charts/2020-03-19_AU.svg
2020-03-19,2020-02-19,AU,Australia,2.015,15,charts/2020-03-19_AU.svg
2020-03-19,2020-02-20,AU,Australia,2.449,15,charts/2020-03-19_AU.svg
2020-03-19,2020-02-21,AU,Australia,2.975,17,charts/2020-03-19_AU.svg
2020-03-19,2020-02-22,AU,Australia,3.614,21,charts/2020-03-19_AU.svg
2020-03-19,2020-02-23,AU,Australia,4.390,22,charts/2020-03-19_AU.svg
2020-03-19,2020-02-24,AU,Australia,5.332,22,charts/2020-03-19_AU.svg
2020-03-19,2020-02-25,AU,Australia,6.476,22,charts/2020-03-19_AU.svg
2020-03-19,2020-02-26,AU,Australia,7.863,22,charts/2020-03-19_AU.svg
2020-03-19,2020-02-27,AU,Australia,9.548,23,charts/2020-03-19_AU.svg
2020-03-19,2020-02-28,AU,Australia,11.592,23,charts/2020-03-19_AU.svg
2020-03-19,2020-02-29,AU,Australia,14.072,25,charts/2020-03-19_AU.svg
2020-03-19,2020-03-01,AU,Australia,17.080,26,charts/2020-03-19_AU.svg
2020-03-19,2020-03-02,AU,Australia,20.730,29,charts/2020-03-19_AU.svg
2020-03-19,2020-03-03,AU,Australia,25.158,33,charts/2020-03-19_AU.svg
2020-03-19,2020-03-04,AU,Australia,30.528,41,charts/2020-03-19_AU.svg
2020-03-19,2020-03-05,AU,Australia,37.040,52,charts/2020-03-19_AU.svg
2020-03-19,2020-03-06,AU,Australia,44.937,59,charts/2020-03-19_AU.svg
2020-03-19,2020-03-07,AU,Australia,54.512,63,charts/2020-03-19_AU.svg
2020-03-19,2020-03-08,AU,Australia,66.121,74,charts/2020-03-19_AU.svg
2020-03-19,2020-03-09,AU,Australia,80.194,80,charts/2020-03-19_AU.svg
2020-03-19,2020-03-10,AU,Australia,97.253,100,charts/2020-03-19_AU.svg
2020-03-19,2020-03-11,AU,Australia,117.928,112,charts/2020-03-19_AU.svg
2020-03-19,2020-03-12,AU,Australia,142.984,126,charts/2020-03-19_AU.svg
2020-03-19,2020-03-13,AU,Australia,173.346,156,charts/2020-03-19_AU.svg
2020-03-19,2020-03-14,AU,Australia,210.135,197,charts/2020-03-19_AU.svg
2020-03-19,2020-03-15,AU,Australia,254.705,249,charts/2020-03-19_AU.svg
2020-03-19,2020-03-16,AU,Australia,308.697,298,charts/2020-03-19_AU.svg
2020-03-19,2020-03-17,AU,Australia,374.097,375,charts/2020-03-19_AU.svg
2020-03-19,2020-03-18,AU,Australia,453.307,454,charts/2020-03-19_AU.svg
2020-03-19,2020-03-19,AU,Australia,549.233,565,charts/2020-03-19_AU.svg
2020-03-19,2020-03-20,AU,Australia,665.392,,charts/2020-03-19_AU.svg
2020-03-19,2020-03-21,AU,Australia,806.037,,charts/2020-03-19_AU.svg
2020-03-19,2020-03-22,AU,Australia,976.311,,charts/2020-03-19_AU.svg
2020-03-19,2020-03-04,BE,Belgium,33.587,13,charts/2020-03-19_BE.svg
2020-03-19,2020-03-05,BE,Belgium,47.480,23,charts/2020-03-19_BE.svg
2020-03-19,2020-03-06,BE,Belgium,66.047,50,charts/2020-03-19_BE.svg
2020-03-19,2020-03-07,BE,Belgium,90.475,109,charts/2020-03-19_BE.svg
2020-03-19,2020-03-08,BE,Belgium,122.134,169,charts/2020-03-19_BE.svg
2020-03-19,2020-03-09,BE,Belgium,162.586,200,charts/2020-03-19_BE.svg
2020-03-19,2020-03-10,BE,Belgium,213.572,239,charts/2020-03-19_BE.svg
2020-03-19,2020-03-11,BE,Belgium,277.007,267,charts/2020-03-19_BE.svg
2020-03-19,2020-03-12,BE,Belgium,354.960,314,charts/2020-03-19_BE.svg
2020-03-19,2020-03-13,BE,Belgium,449.631,399,charts/2020-03-19_BE.svg
2020-03-19,2020-03-14,BE,Belgium,563.318,559,charts/2020-03-19_BE.svg
2020-03-19,2020-03-15,BE,Belgium,698.384,689,charts/2020-03-19_BE.svg
2020-03-19,2020-03-16,BE,Belgium,857.215,886,charts/2020-03-19_BE.svg
2020-03-19,2020-03-17,BE,Belgium,1042.180,1085,charts/2020-03-19_BE.svg
2020-03-19,2020-03-18,BE,Belgium,1255.585,1243,charts/2020-03-19_BE.svg
2020-03-19,2020-03-19,BE,Belgium,1499.628,1486,charts/2020-03-19_BE.svg
2020-03-19,2020-03-20,BE,Belgium,1776.357,,charts/2020-03-19_BE.svg
2020-03-19,2020-03-21,BE,Belgium,2087.630,,charts/2020-03-19_BE.svg
2020-03-19,2020-03-22,BE,Belgium,2435.077,,charts/2020-03-19_BE.svg
2020-03-19,2020-02-26,BH,Bahrain,13.999,23,charts/2020-03-19_BH.svg
2020-03-19,2020-02-27,BH,Bahrain,17.644,33,charts/2020-03-19_BH.svg
2020-03-19,2020-02-28,BH,Bahrain,21.960,33,charts/2020-03-19_BH.svg
2020-03-19,2020-02-29,BH,Bahrain,27.012,38,charts/2020-03-19_BH.svg
2020-03-19,2020-03-01,BH,Bahrain,32.855,41,charts/2020-03-19_BH.svg
2020-03-19,2020-03-02,BH,Bahrain,39.541,47,charts/2020-03-19_BH.svg
2020-03-19,2020-03-04,BH,Bahrain,47.114,49,charts/2020-03-19_BH.svg
2020-03-19,2020-03-05,BH,Bahrain,55.608,52,charts/2020-03-19_BH.svg
2020-03-19,2020-03-06,BH,Bahrain,65.048,52,charts/2020-03-19_BH.svg
2020-03-19,2020-03-07,BH,Bahrain,75.448,56,charts/2020-03-19_BH.svg
2020-03-19,2020-03-08,BH,Bahrain,86.812,63,charts/2020-03-19_BH.svg
2020-03-19,2020-03-09,BH,Bahrain,99.132,79,charts/2020-03-19_BH.svg
2020-03-19,2020-03-10,BH,Bahrain,112.392,109,charts/2020-03-19_BH.svg
2020-03-19,2020-03-11,BH,Bahrain,126.563,110,charts/2020-03-19_BH.svg
2020-03-19,2020-03-12,BH,Bahrain,141.609,162,charts/2020-03-19_BH.svg
2020-03-19,2020-03-13,BH,Bahrain,157.484,162,charts/2020-03-19_BH.svg
2020-03-19,2020-03-14,BH,Bahrain,174.136,210,charts/2020-03-19_BH.svg
2020-03-19,2020-03-15,BH,Bahrain,191.505,211,charts/2020-03-19_BH.svg
2020-03-19,2020-03-16,BH,Bahrain,209.527,214,charts/2020-03-19_BH.svg
2020-03-19,2020-03-17,BH,Bahrain,228.133,221,charts/2020-03-19_BH.svg
2020-03-19,2020-03-18,BH,Bahrain,247.250,237,charts/2020-03-19_BH.svg
2020-03-19,2020-03-19,BH,Bahrain,266.807,256,charts/2020-03-19_BH.svg
2020-03-19,2020-03-20,BH,Bahrain,286.728,,charts/2020-03-19_BH.svg
2020-03-19,2020-03-21,BH,Bahrain,306.939,,charts/2020-03-19_BH.svg
2020-03-19,2020-03-22,BH,Bahrain,327.367,,charts/2020-03-19_BH.svg
2020-03-19,2020-03-07,BR,Brazil,13.962,13,charts/2020-03-19_BR.svg
2020-03-19,2020-03-08,BR,Brazil,19.538,13,charts/2020-03-19_BR.svg
2020-03-19,2020-03-09,BR,Brazil,27.186,25,charts/2020-03-19_BR.svg
2020-03-19,2020-03-11,BR,Brazil,37.615,34,charts/2020-03-19_BR.svg
2020-03-19,2020-03-12,BR,Brazil,51.757,52,charts/2020-03-19_BR.svg
2020-03-19,2020-03-13,BR,Brazil,70.831,77,charts/2020-03-19_BR.svg
2020-03-19,2020-03-14,BR,Brazil,96.417,98,charts/2020-03-19_BR.svg
2020-03-19,2020-03-15,BR,Brazil,130.559,121,charts/2020-03-19_BR.svg
2020-03-19,2020-03-16,BR,Brazil,175.879,200,charts/2020-03-19_BR.svg
2020-03-19,2020-03-17,BR,Brazil,235.732,234,charts/2020-03-19_BR.svg
2020-03-19,2020-03-18,BR,Brazil,314.380,291,charts/2020-03-19_BR.svg
2020-03-19,2020-03-19,BR,Brazil,417.217,428,charts/2020-03-19_BR.svg
2020-03-19,2020-03-20,BR,Brazil,551.031,,charts/2020-03-19_BR.svg
2020-03-19,2020-03-21,BR,Brazil,724.321,,charts/2020-03-19_BR.svg
2020-03-19,2020-03-22,BR,Brazil,947.684,,charts/2020-03-19_BR.svg
2020-03-19,2020-02-25,CA,Canada,1.891,11,charts/2020-03-19_CA.svg
2020-03-19,2020-02-26,CA,Canada,2.450,11,charts/2020-03-19_CA.svg
2020-03-19,2020-02-27,CA,Canada,3.174,12,charts/2020-03-19_CA.svg
2020-03-19,2020-02-28,CA,Canada,4.111,14,charts/2020-03-19_CA.svg
2020-03-19,2020-02-29,CA,Canada,5.323,16,charts/2020-03-19_CA.svg
2020-03-19,2020-03-01,CA,Canada,6.891,20,charts/2020-03-19_CA.svg
2020-03-19,2020-03-02,CA,Canada,8.920,24,charts/2020-03-19_CA.svg
2020-03-19,2020-03-03,CA,Canada,11.545,27,charts/2020-03-19_CA.svg
2020-03-19,2020-03-04,CA,Canada,14.938,30,charts/2020-03-19_CA.svg
2020-03-19,2020-03-05,CA,Canada,19.326,33,charts/2020-03-19_CA.svg
2020-03-19,2020-03-06,CA,Canada,24.999,45,charts/2020-03-19_CA.svg
2020-03-19,2020-03-07,CA,Canada,32.330,51,charts/2020-03-19_CA.svg
2020-03-19,2020-03-08,CA,Canada,41.804,57,charts/2020-03-19_CA.svg
2020-03-19,2020-03-09,CA,Canada,54.045,62,charts/2020-03-19_CA.svg
2020-03-19,2020-03-10,CA,Canada,69.857,77,charts/2020-03-19_CA.svg
2020-03-19,2020-03-11,CA,Canada,90.280,93,charts/2020-03-19_CA.svg
2020-03-19,2020-03-12,CA,Canada,116.653,103,charts/2020-03-19_CA.svg
2020-03-19,2020-03-13,CA,Canada,150.703,138,charts/2020-03-19_CA.svg
2020-03-19,2020-03-14,CA,Canada,194.657,176,charts/2020-03-19_CA.svg
2020-03-19,2020-03-15,CA,Canada,251.386,244,charts/2020-03-19_CA.svg
2020-03-19,2020-03-16,CA,Canada,324.590,304,charts/2020-03-19_CA.svg
2020-03-19,2020-03-17,CA,Canada,419.037,424,charts/2020-03-19_CA.svg
2020-03-19,2020-03-18,CA,Canada,540.870,569,charts/2020-03-19_CA.svg
2020-03-19,2020-03-19,CA,Canada,698.002,690,charts/2020-03-19_CA.svg
2020-03-19,2020-03-20,CA,Canada,900.624,,charts/2020-03-19_CA.svg
2020-03-19,2020-03-21,CA,Canada,1161.859,,charts/2020-03-19_CA.svg
2020-03-19,2020-03-22,CA,Canada,1498.603,,charts/2020-03-19_CA.svg
2020-03-19,2020-02-29,CH,Switzerland,1.402,12,charts/2020-03-19_CH.svg
2020-03-19,2020-03-01,CH,Switzerland,3.187,18,charts/2020-03-19_CH.svg
2020-03-19,2020-03-02,CH,Switzerland,6.737,24,charts/2020-03-19_CH.svg
2020-03-19,2020-03-03,CH,Switzerland,13.331,30,charts/2020-03-19_CH.svg
2020-03-19,2020-03-04,CH,Switzerland,24.838,37,charts/2020-03-19_CH.svg
2020-03-19,2020-03-05,CH,Switzerland,43.804,57,charts/2020-03-19_CH.svg
2020-03-19,2020-03-06,CH,Switzerland,73.479,87,charts/2020-03-19_CH.svg
2020-03-19,2020-03-07,CH,Switzerland,117.758,209,charts/2020-03-19_CH.svg
2020-03-19,2020-03-08,CH,Switzerland,181.025,264,charts/2020-03-19_CH.svg
2020-03-19,2020-03-09,CH,Switzerland,267.920,332,charts/2020-03-19_CH.svg
2020-03-19,2020-03-10,CH,Switzerland,383.042,374,charts/2020-03-19_CH.svg
2020-03-19,2020-03-11,CH,Switzerland,530.623,490,charts/2020-03-19_CH.svg
2020-03-19,2020-03-12,CH,Switzerland,714.225,642,charts/2020-03-19_CH.svg
2020-03-19,2020-03-13,CH,Switzerland,936.471,854,charts/2020-03-19_CH.svg
2020-03-19,2020-03-14,CH,Switzerland,1198.865,1121,charts/2020-03-19_CH.svg
2020-03-19,2020-03-15,CH,Switzerland,1501.683,1359,charts/2020-03-19_CH.svg
2020-03-19,2020-03-16,CH,Switzerland,1843.974,2200,charts/2020-03-19_CH.svg
2020-03-19,2020-03-17,CH,Switzerland,2223.621,2200,charts/2020-03-19_CH.svg
2020-03-19,2020-03-18,CH,Switzerland,2637.494,2650,charts/2020-03-19_CH.svg
2020-03-19,2020-03-19,CH,Switzerland,3081.625,3010,charts/2020-03-19_CH.svg
2020-03-19,2020-03-20,CH,Switzerland,3551.429,,charts/2020-03-19_CH.svg
2020-03-19,2020-03-21,CH,Switzerland,4041.923,,charts/2020-03-19_CH.svg
2020-03-19,2020-03-22,CH,Switzerland,4547.936,,charts/2020-03-19_CH.svg
2020-03-19,2020-03-10,CL,Chile,5.892,13,charts/2020-03-19_CL.svg
2020-03-19,2020-03-11,CL,Chile,10.575,17,charts/2020-03-19_CL.svg
2020-03-19,2020-03-12,CL,Chile,18.022,23,charts/2020-03-19_CL.svg
2020-03-19,2020-03-13,CL,Chile,29.297,33,charts/2020-03-19_CL.svg
2020-03-19,2020-03-14,CL,Chile,45.623,43,charts/2020-03-19_CL.svg
2020-03-19,2020-03-15,CL,Chile,68.314,61,charts/2020-03-19_CL.svg
2020-03-19,2020-03-16,CL,Chile,98.700,75,charts/2020-03-19_CL.svg
2020-03-19,2020-03-17,CL,Chile,138.032,156,charts/2020-03-19_CL.svg
2020-03-19,2020-03-18,CL,Chile,187.392,201,charts/2020-03-19_CL.svg
2020-03-19,2020-03-19,CL,Chile,247.611,238,charts/2020-03-19_CL.svg
2020-03-19,2020-03-20,CL,Chile,319.211,,charts/2020-03-19_CL.svg
2020-03-19,2020-03-21,CL,Chile,402.368,,charts/2020-03-19_CL.svg
2020-03-19,2020-03-22,CL,Chile,496.900,,charts/2020-03-19_CL.svg
2020-03-19,2019-12-31,CN,China,0.000,27,charts/2020-03-19_CN.svg
2020-03-19,2020-01-01,CN,China,0.000,27,charts/2020-03-19_CN.svg
2020-03-19,2020-01-02,CN,China,0.000,27,charts/2020-03-19_CN.svg
2020-03-19,2020-01-03,CN,China,0.000,44,charts/2020-03-19_CN.svg
2020-03-19,2020-01-04,CN,China,0.000,44,charts/2020-03-19_CN.svg
2020-03-19,2020-01-05,CN,China,0.000,59,charts/2020-03-19_CN.svg
2020-03-19,2020-01-06,CN,China,0.000,59,charts/2020-03-19_CN.svg
2020-03-19,2020-01-07,CN,China,0.000,59,charts/2020-03-19_CN.svg
2020-03-19,2020-01-08,CN,China,0.000,59,charts/2020-03-19_CN.svg
2020-03-19,2020-01-09,CN,China,0.000,59,charts/2020-03-19_CN.svg
2020-03-19,2020-01-10,CN,China,0.000,59,charts/2020-03-19_CN.svg
2020-03-19,2020-01-11,CN,China,0.000,59,charts/2020-03-19_CN.svg
2020-03-19,2020-01-12,CN,China,0.000,59,charts/2020-03-19_CN.svg
2020-03-19,2020-01-13,CN,China,0.000,59,charts/2020-03-19_CN.svg
2020-03-19,2020-01-14,CN,China,0.000,59,charts/2020-03-19_CN.svg
2020-03-19,2020-01-15,CN,China,0.000,59,charts/2020-03-19_CN.svg
2020-03-19,2020-01-16,CN,China,0.000,59,charts/2020-03-19_CN.svg
2020-03-19,2020-01-17,CN,China,0.000,63,charts/2020-03-19_CN.svg
2020-03-19,2020-01-18,CN,China,0.003,80,charts/2020-03-19_CN.svg
2020-03-19,2020-01-19,CN,China,0.028,216,charts/2020-03-19_CN.svg
2020-03-19,2020-01-20,CN,China,0.212,235,charts/2020-03-19_CN.svg
2020-03-19,2020-01-21,CN,China,1.232,386,charts/2020-03-19_CN.svg
2020-03-19,2020-01-22,CN,China,5.630,526,charts/2020-03-19_CN.svg
2020-03-19,2020-01-23,CN,China,20.903,623,charts/2020-03-19_CN.svg
2020-03-19,2020-01-24,CN,China,64.862,882,charts/2020-03-19_CN.svg
2020-03-19,2020-01-25,CN,China,172.390,1323,charts/2020-03-19_CN.svg
2020-03-19,2020-01-26,CN,China,400.845,1988,charts/2020-03-19_CN.svg
2020-03-19,2020-01-27,CN,China,830.463,2775,charts/2020-03-19_CN.svg
2020-03-19,2020-01-28,CN,China,1557.396,4528,charts/2020-03-19_CN.svg
2020-03-19,2020-01-29,CN,China,2679.969,5994,charts/2020-03-19_CN.svg
2020-03-19,2020-01-30,CN,China,4281.740,7734,charts/2020-03-19_CN.svg
2020-03-19,2020-01-31,CN,China,6416.234,9714,charts/2020-03-19_CN.svg
2020-03-19,2020-02-01,CN,China,9097.365,11809,charts/2020-03-19_CN.svg
2020-03-19,2020-02-02,CN,China,12297.374,14399,charts/2020-03-19_CN.svg
2020-03-19,2020-02-03,CN,China,15951.696,17211,charts/2020-03-19_CN.svg
2020-03-19,2020-02-04,CN,China,19968.593,20448,charts/2020-03-19_CN.svg
2020-03-19,2020-02-05,CN,China,24240.845,24320,charts/2020-03-19_CN.svg
2020-03-19,2020-02-06,CN,China,28657.101,28047,charts/2020-03-19_CN.svg
2020-03-19,2020-02-07,CN,China,33111.277,31207,charts/2020-03-19_CN.svg
2020-03-19,2020-02-08,CN,China,37509.249,34625,charts/2020-03-19_CN.svg
2020-03-19,2020-02-09,CN,China,41772.763,37232,charts/2020-03-19_CN.svg
2020-03-19,2020-02-10,CN,China,45840.941,40206,charts/2020-03-19_CN.svg
2020-03-19,2020-02-11,CN,China,49669.971,42696,charts/2020-03-19_CN.svg
2020-03-19,2020-02-12,CN,China,53231.571,44724,charts/2020-03-19_CN.svg
2020-03-19,2020-02-13,CN,China,56510.786,59865,charts/2020-03-19_CN.svg
2020-03-19,2020-02-14,CN,China,59503.522,64021,charts/2020-03-19_CN.svg
2020-03-19,2020-02-15,CN,China,62214.107,66559,charts/2020-03-19_CN.svg
2020-03-19,2020-02-16,CN,China,64653.071,68566,charts/2020-03-19_CN.svg
2020-03-19,2020-02-17,CN,China,66835.223,70618,charts/2020-03-19_CN.svg
2020-03-19,2020-02-18,CN,China,68778.070,72508,charts/2020-03-19_CN.svg
2020-03-19,2020-02-19,CN,China,70500.560,74258,charts/2020-03-19_CN.svg
2020-03-19,2020-02-20,CN,China,72022.123,74652,charts/2020-03-19_CN.svg
2020-03-19,2020-02-21,CN,China,73361.970,75543,charts/2020-03-19_CN.svg
2020-03-19,2020-02-22,CN,China,74538.599,76369,charts/2020-03-19_CN.svg
2020-03-19,2020-02-23,CN,China,75569.470,77016,charts/2020-03-19_CN.svg
2020-03-19,2020-02-24,CN,China,76470.811,77234,charts/2020-03-19_CN.svg
2020-03-19,2020-02-25,CN,China,77257.519,77749,charts/2020-03-19_CN.svg
2020-03-19,2020-02-26,CN,China,77943.137,78159,charts/2020-03-19_CN.svg
2020-03-19,2020-02-27,CN,China,78539.877,78598,charts/2020-03-19_CN.svg
2020-03-19,2020-02-28,CN,China,79058.676,78927,charts/2020-03-19_CN.svg
2020-03-19,2020-02-29,CN,China,79509.275,79355,charts/2020-03-19_CN.svg
2020-03-19,2020-03-01,CN,China,79900.312,79929,charts/2020-03-19_CN.svg
2020-03-19,2020-03-02,CN,China,80239.415,80134,charts/2020-03-19_CN.svg
2020-03-19,2020-03-03,CN,China,80533.297,80261,charts/2020-03-19_CN.svg
2020-03-19,2020-03-04,CN,China,80787.851,80380,charts/2020-03-19_CN.svg
2020-03-19,2020-03-05,CN,China,81008.238,80497,charts/2020-03-19_CN.svg
2020-03-19,2020-03-06,CN,China,81198.966,80667,charts/2020-03-19_CN.svg
2020-03-19,2020-03-07,CN,China,81363.970,80768,charts/2020-03-19_CN.svg
2020-03-19,2020-03-08,CN,China,81506.677,80814,charts/2020-03-19_CN.svg
2020-03-19,2020-03-09,CN,China,81630.068,80859,charts/2020-03-19_CN.svg
2020-03-19,2020-03-10,CN,China,81736.733,80879,charts/2020-03-19_CN.svg
2020-03-19,2020-03-11,CN,China,81828.922,80908,charts/2020-03-19_CN.svg
2020-03-19,2020-03-12,CN,China,81908.586,80932,charts/2020-03-19_CN.svg
2020-03-19,2020-03-13,CN,China,81977.417,80954,charts/2020-03-19_CN.svg
2020-03-19,2020-03-14,CN,China,82036.881,80973,charts/2020-03-19_CN.svg
2020-03-19,2020-03-15,CN,China,82088.247,80995,charts/2020-03-19_CN.svg
2020-03-19,2020-03-16,CN,China,82132.614,81020,charts/2020-03-19_CN.svg
2020-03-19,2020-03-17,CN,China,82170.932,81130,charts/2020-03-19_CN.svg
2020-03-19,2020-03-18,CN,China,82204.023,81163,charts/2020-03-19_CN.svg
2020-03-19,2020-03-19,CN,China,82232.600,81238,charts/2020-03-19_CN.svg
2020-03-19,2020-03-20,CN,China,82257.276,,charts/2020-03-19_CN.svg
2020-03-19,2020-03-21,CN,China,82278.584,,charts/2020-03-19_CN.svg
2020-03-19,2020-03-22,CN,China,82296.981,,charts/2020-03-19_CN.svg
2020-03-19,2020-03-06,CZ,Czech Republic,7.185,12,charts/2020-03-19_CZ.svg
2020-03-19,2020-03-07,CZ,Czech Republic,11.943,19,charts/2020-03-19_CZ.svg
2020-03-19,2020-03-08,CZ,Czech Republic,19.099,26,charts/2020-03-19_CZ.svg
2020-03-19,2020-03-09,CZ,Czech Republic,29.471,32,charts/2020-03-19_CZ.svg
2020-03-19,2020-03-10,CZ,Czech Republic,44.001,40,charts/2020-03-19_CZ.svg
2020-03-19,2020-03-11,CZ,Czech Republic,63.723,63,charts/2020-03-19_CZ.svg
2020-03-19,2020-03-12,CZ,Czech Republic,89.723,94,charts/2020-03-19_CZ.svg
2020-03-19,2020-03-13,CZ,Czech Republic,123.086,116,charts/2020-03-19_CZ.svg
2020-03-19,2020-03-14,CZ,Czech Republic,164.846,150,charts/2020-03-19_CZ.svg
2020-03-19,2020-03-15,CZ,Czech Republic,215.923,214,charts/2020-03-19_CZ.svg
2020-03-19,2020-03-16,CZ,Czech Republic,277.083,298,charts/2020-03-19_CZ.svg
2020-03-19,2020-03-17,CZ,Czech Republic,348.887,344,charts/2020-03-19_CZ.svg
2020-03-19,2020-03-18,CZ,Czech Republic,431.669,434,charts/2020-03-19_CZ.svg
2020-03-19,2020-03-19,CZ,Czech Republic,525.518,522,charts/2020-03-19_CZ.svg
2020-03-19,2020-03-20,CZ,Czech Republic,630.273,,charts/2020-03-19_CZ.svg
2020-03-19,2020-03-21,CZ,Czech Republic,745.534,,charts/2020-03-19_CZ.svg
2020-03-19,2020-03-22,CZ,Czech Republic,870.685,,charts/2020-03-19_CZ.svg
2020-03-19,2020-02-04,DE,Germany,0.000,11,charts/2020-03-19_DE.svg
2020-03-19,2020-02-05,DE,Germany,0.000,11,charts/2020-03-19_DE.svg
2020-03-19,2020-02-06,DE,Germany,0.000,11,charts/2020-03-19_DE.svg
2020-03-19,2020-02-07,DE,Germany,0.000,12,charts/2020-03-19_DE.svg
2020-03-19,2020-02-08,DE,Germany,0.000,13,charts/2020-03-19_DE.svg
2020-03-19,2020-02-09,DE,Germany,0.000,13,charts/2020-03-19_DE.svg
2020-03-19,2020-02-10,DE,Germany,0.000,13,charts/2020-03-19_DE.svg
2020-03-19,2020-02-11,DE,Germany,0.000,13,charts/2020-03-19_DE.svg
2020-03-19,2020-02-12,DE,Germany,0.000,15,charts/2020-03-19_DE.svg
2020-03-19,2020-02-13,DE,Germany,0.001,15,charts/2020-03-19_DE.svg
2020-03-19,2020-02-14,DE,Germany,0.003,15,charts/2020-03-19_DE.svg
2020-03-19,2020-02-15,DE,Germany,0.007,15,charts/2020-03-19_DE.svg
2020-03-19,2020-02-16,DE,Germany,0.015,15,charts/2020-03-19_DE.svg
2020-03-19,2020-02-17,DE,Germany,0.033,15,charts/2020-03-19_DE.svg
2020-03-19,2020-02-18,DE,Germany,0.068,15,charts/2020-03-19_DE.svg
2020-03-19,2020-02-19,DE,Germany,0.139,15,charts/2020-03-19_DE.svg
2020-03-19,2020-02-20,DE,Germany,0.274,15,charts/2020-03-19_DE.svg
2020-03-19,2020-02-21,DE,Germany,0.522,15,charts/2020-03-19_DE.svg
2020-03-19,2020-02-22,DE,Germany,0.968,15,charts/2020-03-19_DE.svg
2020-03-19,2020-02-23,DE,Germany,1.744,15,charts/2020-03-19_DE.svg
2020-03-19,2020-02-24,DE,Germany,3.059,15,charts/2020-03-19_DE.svg
2020-03-19,2020-02-25,DE,Germany,5.229,15,charts/2020-03-19_DE.svg
2020-03-19,2020-02-26,DE,Germany,8.723,17,charts/2020-03-19_DE.svg
2020-03-19,2020-02-27,DE,Germany,14.216,21,charts/2020-03-19_DE.svg
2020-03-19,2020-02-28,DE,Germany,22.657,47,charts/2020-03-19_DE.svg
2020-03-19,2020-02-29,DE,Germany,35.351,57,charts/2020-03-19_DE.svg
2020-03-19,2020-03-01,DE,Germany,54.047,111,charts/2020-03-19_DE.svg
2020-03-19,2020-03-02,DE,Germany,81.045,129,charts/2020-03-19_DE.svg
2020-03-19,2020-03-03,DE,Germany,119.304,157,charts/2020-03-19_DE.svg
2020-03-19,2020-03-04,DE,Germany,172.552,196,charts/2020-03-19_DE.svg
2020-03-19,2020-03-05,DE,Germany,245.398,262,charts/2020-03-19_DE.svg
2020-03-19,2020-03-06,DE,Germany,343.433,400,charts/2020-03-19_DE.svg
2020-03-19,2020-03-07,DE,Germany,473.316,684,charts/2020-03-19_DE.svg
2020-03-19,2020-03-08,DE,Germany,642.839,847,charts/2020-03-19_DE.svg
2020-03-19,2020-03-09,DE,Germany,860.967,902,charts/2020-03-19_DE.svg
2020-03-19,2020-03-10,DE,Germany,1137.836,1139,charts/2020-03-19_DE.svg
2020-03-19,2020-03-11,DE,Germany,1484.728,1296,charts/2020-03-19_DE.svg
2020-03-19,2020-03-12,DE,Germany,1913.992,1567,charts/2020-03-19_DE.svg
2020-03-19,2020-03-13,DE,Germany,2438.933,2369,charts/2020-03-19_DE.svg
2020-03-19,2020-03-14,DE,Germany,3073.660,3062,charts/2020-03-19_DE.svg
2020-03-19,2020-03-15,DE,Germany,3832.899,3795,charts/2020-03-19_DE.svg
2020-03-19,2020-03-16,DE,Germany,4731.772,4838,charts/2020-03-19_DE.svg
2020-03-19,2020-03-17,DE,Germany,5785.549,6012,charts/2020-03-19_DE.svg
2020-03-19,2020-03-18,DE,Germany,7009.393,7156,charts/2020-03-19_DE.svg
2020-03-19,2020-03-19,DE,Germany,8418.080,8198,charts/2020-03-19_DE.svg
2020-03-19,2020-03-20,DE,Germany,10025.733,,charts/2020-03-19_DE.svg
2020-03-19,2020-03-21,DE,Germany,11845.551,,charts/2020-03-19_DE.svg
2020-03-19,2020-03-22,DE,Germany,13889.561,,charts/2020-03-19_DE.svg
2020-03-19,2020-03-06,DK,Denmark,0.003,20,charts/2020-03-19_DK.svg
2020-03-19,2020-03-07,DK,Denmark,0.316,23,charts/2020-03-19_DK.svg
2020-03-19,2020-03-08,DK,Denmark,6.358,31,charts/2020-03-19_DK.svg
2020-03-19,2020-03-09,DK,Denmark,42.202,38,charts/2020-03-19_DK.svg
2020-03-19,2020-03-10,DK,Denmark,139.192,113,charts/2020-03-19_DK.svg
2020-03-19,2020-03-11,DK,Denmark,295.386,264,charts/2020-03-19_DK.svg
2020-03-19,2020-03-12,DK,Denmark,474.703,516,charts/2020-03-19_DK.svg
2020-03-19,2020-03-13,DK,Denmark,640.215,676,charts/2020-03-19_DK.svg
2020-03-19,2020-03-14,DK,Denmark,773.091,804,charts/2020-03-19_DK.svg
2020-03-19,2020-03-15,DK,Denmark,870.705,827,charts/2020-03-19_DK.svg
2020-03-19,2020-03-16,DK,Denmark,938.492,875,charts/2020-03-19_DK.svg
2020-03-19,2020-03-17,DK,Denmark,983.919,932,charts/2020-03-19_DK.svg
2020-03-19,2020-03-18,DK,Denmark,1013.684,1024,charts/2020-03-19_DK.svg
2020-03-19,2020-03-19,DK,Denmark,1032.913,1115,charts/2020-03-19_DK.svg
2020-03-19,2020-03-20,DK,Denmark,1045.223,,charts/2020-03-19_DK.svg
2020-03-19,2020-03-21,DK,Denmark,1053.060,,charts/2020-03-19_DK.svg
2020-03-19,2020-03-22,DK,Denmark,1058.032,,charts/2020-03-19_DK.svg
2020-03-19,2020-03-05,DZ,Algeria,11.647,12,charts/2020-03-19_DZ.svg
2020-03-19,2020-03-06,DZ,Algeria,14.404,17,charts/2020-03-19_DZ.svg
2020-03-19,2020-03-09,DZ,Algeria,17.695,20,charts/2020-03-19_DZ.svg
2020-03-19,2020-03-12,DZ,Algeria,21.598,20,charts/2020-03-19_DZ.svg
2020-03-19,2020-03-13,DZ,Algeria,26.198,24,charts/2020-03-19_DZ.svg
2020-03-19,2020-03-14,DZ,Algeria,31.584,26,charts/2020-03-19_DZ.svg
2020-03-19,2020-03-15,DZ,Algeria,37.856,37,charts/2020-03-19_DZ.svg
2020-03-19,2020-03-16,DZ,Algeria,45.115,48,charts/2020-03-19_DZ.svg
2020-03-19,2020-03-17,DZ,Algeria,53.472,60,charts/2020-03-19_DZ.svg
2020-03-19,2020-03-18,DZ,Algeria,63.039,60,charts/2020-03-19_DZ.svg
2020-03-19,2020-03-19,DZ,Algeria,73.934,73,charts/2020-03-19_DZ.svg
2020-03-19,2020-03-20,DZ,Algeria,86.280,,charts/2020-03-19_DZ.svg
2020-03-19,2020-03-21,DZ,Algeria,100.200,,charts/2020-03-19_DZ.svg
2020-03-19,2020-03-22,DZ,Algeria,115.821,,charts/2020-03-19_DZ.svg
2020-03-19,2020-03-06,EC,Ecuador,2.989,13,charts/2020-03-19_EC.svg
2020-03-19,2020-03-09,EC,Ecuador,4.682,14,charts/2020-03-19_EC.svg
2020-03-19,2020-03-10,EC,Ecuador,7.330,15,charts/2020-03-19_EC.svg
2020-03-19,2020-03-11,EC,Ecuador,11.469,17,charts/2020-03-19_EC.svg
2020-03-19,2020-03-14,EC,Ecuador,17.935,23,charts/2020-03-19_EC.svg
2020-03-19,2020-03-15,EC,Ecuador,28.033,28,charts/2020-03-19_EC.svg
2020-03-19,2020-03-16,EC,Ecuador,43.793,37,charts/2020-03-19_EC.svg
2020-03-19,2020-03-17,EC,Ecuador,68.374,58,charts/2020-03-19_EC.svg
2020-03-19,2020-03-18,EC,Ecuador,106.697,111,charts/2020-03-19_EC.svg
2020-03-19,2020-03-19,EC,Ecuador,166.410,168,charts/2020-03-19_EC.svg
2020-03-19,2020-03-20,EC,Ecuador,259.401,,charts/2020-03-19_EC.svg
2020-03-19,2020-03-21,EC,Ecuador,404.139,,charts/2020-03-19_EC.svg
2020-03-19,2020-03-22,EC,Ecuador,629.300,,charts/2020-03-19_EC.svg
2020-03-19,2020-03-07,EG,Egypt,33.128,15,charts/2020-03-19_EG.svg
2020-03-19,2020-03-09,EG,Egypt,38.836,49,charts/2020-03-19_EG.svg
2020-03-19,2020-03-10,EG,Egypt,45.524,55,charts/2020-03-19_EG.svg
2020-03-19,2020-03-11,EG,Egypt,53.359,59,charts/2020-03-19_EG.svg
2020-03-19,2020-03-12,EG,Egypt,62.537,60,charts/2020-03-19_EG.svg
2020-03-19,2020-03-13,EG,Egypt,73.289,80,charts/2020-03-19_EG.svg
2020-03-19,2020-03-14,EG,Egypt,85.882,93,charts/2020-03-19_EG.svg
2020-03-19,2020-03-15,EG,Egypt,100.630,93,charts/2020-03-19_EG.svg
2020-03-19,2020-03-16,EG,Egypt,117.902,110,charts/2020-03-19_EG.svg
2020-03-19,2020-03-17,EG,Egypt,138.127,126,charts/2020-03-19_EG.svg
2020-03-19,2020-03-18,EG,Egypt,161.808,166,charts/2020-03-19_EG.svg
2020-03-19,2020-03-19,EG,Egypt,189.534,196,charts/2020-03-19_EG.svg
2020-03-19,2020-03-20,EG,Egypt,221.994,,charts/2020-03-19_EG.svg
2020-03-19,2020-03-21,EG,Egypt,259.991,,charts/2020-03-19_EG.svg
2020-03-19,2020-03-22,EG,Egypt,304.467,,charts/2020-03-19_EG.svg
2020-03-19,2020-03-06,FI,Finland,0.408,12,charts/2020-03-19_FI.svg
2020-03-19,2020-03-07,FI,Finland,3.502,19,charts/2020-03-19_FI.svg
2020-03-19,2020-03-09,FI,Finland,15.448,30,charts/2020-03-19_FI.svg
2020-03-19,2020-03-10,FI,Finland,43.032,40,charts/2020-03-19_FI.svg
2020-03-19,2020-03-12,FI,Finland,87.275,59,charts/2020-03-19_FI.svg
2020-03-19,2020-03-13,FI,Finland,142.190,155,charts/2020-03-19_FI.svg
2020-03-19,2020-03-15,FI,Finland,199.153,210,charts/2020-03-19_FI.svg
2020-03-19,2020-03-16,FI,Finland,251.295,267,charts/2020-03-19_FI.svg
2020-03-19,2020-03-17,FI,Finland,295.051,272,charts/2020-03-19_FI.svg
2020-03-19,2020-03-18,FI,Finland,329.623,319,charts/2020-03-19_FI.svg
2020-03-19,2020-03-19,FI,Finland,355.822,369,charts/2020-03-19_FI.svg
2020-03-19,2020-03-20,FI,Finland,375.111,,charts/2020-03-19_FI.svg
2020-03-19,2020-03-21,FI,Finland,389.032,,charts/2020-03-19_FI.svg
2020-03-19,2020-03-22,FI,Finland,398.941,,charts/2020-03-19_FI.svg
2020-03-19,2020-02-08,FR,France,0.000,11,charts/2020-03-19_FR.svg
2020-03-19,2020-02-09,FR,France,0.000,11,charts/2020-03-19_FR.svg
2020-03-19,2020-02-10,FR,France,0.000,11,charts/2020-03-19_FR.svg
2020-03-19,2020-02-11,FR,France,0.000,11,charts/2020-03-19_FR.svg
2020-03-19,2020-02-12,FR,France,0.000,11,charts/2020-03-19_FR.svg
2020-03-19,2020-02-13,FR,France,0.000,11,charts/2020-03-19_FR.svg
2020-03-19,2020-02-14,FR,France,0.000,11,charts/2020-03-19_FR.svg
2020-03-19,2020-02-15,FR,France,0.001,11,charts/2020-03-19_FR.svg
2020-03-19,2020-02-16,FR,France,0.003,11,charts/2020-03-19_FR.svg
2020-03-19,2020-02-17,FR,France,0.009,12,charts/2020-03-19_FR.svg
2020-03-19,2020-02-18,FR,France,0.023,12,charts/2020-03-19_FR.svg
2020-03-19,2020-02-19,FR,France,0.055,12,charts/2020-03-19_FR.svg
2020-03-19,2020-02-20,FR,France,0.127,12,charts/2020-03-19_FR.svg
2020-03-19,2020-02-21,FR,France,0.279,12,charts/2020-03-19_FR.svg
2020-03-19,2020-02-22,FR,France,0.586,12,charts/2020-03-19_FR.svg
2020-03-19,2020-02-23,FR,France,1.181,12,charts/2020-03-19_FR.svg
2020-03-19,2020-02-24,FR,France,2.285,12,charts/2020-03-19_FR.svg
2020-03-19,2020-02-25,FR,France,4.261,12,charts/2020-03-19_FR.svg
2020-03-19,2020-02-26,FR,France,7.670,14,charts/2020-03-19_FR.svg
2020-03-19,2020-02-27,FR,France,13.355,17,charts/2020-03-19_FR.svg
2020-03-19,2020-02-28,FR,France,22.537,38,charts/2020-03-19_FR.svg
2020-03-19,2020-02-29,FR,France,36.922,57,charts/2020-03-19_FR.svg
2020-03-19,2020-03-01,FR,France,58.826,100,charts/2020-03-19_FR.svg
2020-03-19,2020-03-02,FR,France,91.289,130,charts/2020-03-19_FR.svg
2020-03-19,2020-03-03,FR,France,138.192,178,charts/2020-03-19_FR.svg
2020-03-19,2020-03-04,FR,France,204.348,212,charts/2020-03-19_FR.svg
2020-03-19,2020-03-05,FR,France,295.568,285,charts/2020-03-19_FR.svg
2020-03-19,2020-03-06,FR,France,418.684,423,charts/2020-03-19_FR.svg
2020-03-19,2020-03-07,FR,France,581.527,613,charts/2020-03-19_FR.svg
2020-03-19,2020-03-08,FR,France,792.847,716,charts/2020-03-19_FR.svg
2020-03-19,2020-03-09,FR,France,1062.188,1126,charts/2020-03-19_FR.svg
2020-03-19,2020-03-10,FR,France,1399.702,1412,charts/2020-03-19_FR.svg
2020-03-19,2020-03-11,FR,France,1815.925,1784,charts/2020-03-19_FR.svg
2020-03-19,2020-03-12,FR,France,2321.512,2281,charts/2020-03-19_FR.svg
2020-03-19,2020-03-13,FR,France,2926.952,2876,charts/2020-03-19_FR.svg
2020-03-19,2020-03-14,FR,France,3642.274,3661,charts/2020-03-19_FR.svg
2020-03-19,2020-03-15,FR,France,4476.757,4499,charts/2020-03-19_FR.svg
2020-03-19,2020-03-16,FR,France,5438.654,5423,charts/2020-03-19_FR.svg
2020-03-19,2020-03-17,FR,France,6534.954,6633,charts/2020-03-19_FR.svg
2020-03-19,2020-03-18,FR,France,7771.177,7730,charts/2020-03-19_FR.svg
2020-03-19,2020-03-19,FR,France,9151.218,9134,charts/2020-03-19_FR.svg
2020-03-19,2020-03-20,FR,France,10677.242,,charts/2020-03-19_FR.svg
2020-03-19,2020-03-21,FR,France,12349.634,,charts/2020-03-19_FR.svg
2020-03-19,2020-03-22,FR,France,14166.999,,charts/2020-03-19_FR.svg
2020-03-19,2020-02-24,GB,United Kingdom,6.957,13,charts/2020-03-19_GB.svg
2020-03-19,2020-02-25,GB,United Kingdom,9.030,13,charts/2020-03-19_GB.svg
2020-03-19,2020-02-26,GB,United Kingdom,11.707,13,charts/2020-03-19_GB.svg
2020-03-19,2020-02-27,GB,United Kingdom,15.158,13,charts/2020-03-19_GB.svg
2020-03-19,2020-02-28,GB,United Kingdom,19.600,16,charts/2020-03-19_GB.svg
2020-03-19,2020-02-29,GB,United Kingdom,25.312,18,charts/2020-03-19_GB.svg
2020-03-19,2020-03-01,GB,United Kingdom,32.646,23,charts/2020-03-19_GB.svg
2020-03-19,2020-03-02,GB,United Kingdom,42.053,36,charts/2020-03-19_GB.svg
2020-03-19,2020-03-03,GB,United Kingdom,54.100,40,charts/2020-03-19_GB.svg
2020-03-19,2020-03-04,GB,United Kingdom,69.512,51,charts/2020-03-19_GB.svg
2020-03-19,2020-03-05,GB,United Kingdom,89.202,85,charts/2020-03-19_GB.svg
2020-03-19,2020-03-06,GB,United Kingdom,114.327,115,charts/2020-03-19_GB.svg
2020-03-19,2020-03-07,GB,United Kingdom,146.347,163,charts/2020-03-19_GB.svg
2020-03-19,2020-03-08,GB,United Kingdom,187.104,206,charts/2020-03-19_GB.svg
2020-03-19,2020-03-09,GB,United Kingdom,238.918,273,charts/2020-03-19_GB.svg
2020-03-19,2020-03-10,GB,United Kingdom,304.707,321,charts/2020-03-19_GB.svg
2020-03-19,2020-03-11,GB,United Kingdom,388.140,373,charts/2020-03-19_GB.svg
2020-03-19,2020-03-12,GB,United Kingdom,493.820,456,charts/2020-03-19_GB.svg
2020-03-19,2020-03-13,GB,United Kingdom,627.518,590,charts/2020-03-19_GB.svg
2020-03-19,2020-03-14,GB,United Kingdom,796.459,707,charts/2020-03-19_GB.svg
2020-03-19,2020-03-15,GB,United Kingdom,1009.677,1140,charts/2020-03-19_GB.svg
2020-03-19,2020-03-16,GB,United Kingdom,1278.458,1391,charts/2020-03-19_GB.svg
2020-03-19,2020-03-17,GB,United Kingdom,1616.881,1543,charts/2020-03-19_GB.svg
2020-03-19,2020-03-18,GB,United Kingdom,2042.487,1950,charts/2020-03-19_GB.svg
2020-03-19,2020-03-19,GB,United Kingdom,2577.112,2630,charts/2020-03-19_GB.svg
2020-03-19,2020-03-20,GB,United Kingdom,3247.897,,charts/2020-03-19_GB.svg
2020-03-19,2020-03-21,GB,United Kingdom,4088.545,,charts/2020-03-19_GB.svg
2020-03-19,2020-03-22,GB,United Kingdom,5140.855,,charts/2020-03-19_GB.svg
2020-03-19,2020-03-08,GE,Georgia,10.550,12,charts/2020-03-19_GE.svg
2020-03-19,2020-03-09,GE,Georgia,14.038,13,charts/2020-03-19_GE.svg
2020-03-19,2020-03-10,GE,Georgia,17.499,15,charts/2020-03-19_GE.svg
2020-03-19,2020-03-11,GE,Georgia,20.742,23,charts/2020-03-19_GE.svg
2020-03-19,2020-03-12,GE,Georgia,23.649,24,charts/2020-03-19_GE.svg
2020-03-19,2020-03-13,GE,Georgia,26.168,25,charts/2020-03-19_GE.svg
2020-03-19,2020-03-14,GE,Georgia,28.293,30,charts/2020-03-19_GE.svg
2020-03-19,2020-03-15,GE,Georgia,30.050,30,charts/2020-03-19_GE.svg
2020-03-19,2020-03-16,GE,Georgia,31.480,30,charts/2020-03-19_GE.svg
2020-03-19,2020-03-17,GE,Georgia,32.629,33,charts/2020-03-19_GE.svg
2020-03-19,2020-03-18,GE,Georgia,33.544,34,charts/2020-03-19_GE.svg
2020-03-19,2020-03-19,GE,Georgia,34.268,34,charts/2020-03-19_GE.svg
2020-03-19,2020-03-20,GE,Georgia,34.837,,charts/2020-03-19_GE.svg
2020-03-19,2020-03-21,GE,Georgia,35.283,,charts/2020-03-19_GE.svg
2020-03-19,2020-03-22,GE,Georgia,35.630,,charts/2020-03-19_GE.svg
2020-03-19,2020-03-06,GR,Greece,23.262,32,charts/2020-03-19_GR.svg
2020-03-19,2020-03-07,GR,Greece,32.815,45,charts/2020-03-19_GR.svg
2020-03-19,2020-03-08,GR,Greece,45.131,66,charts/2020-03-19_GR.svg
2020-03-19,2020-03-09,GR,Greece,60.629,73,charts/2020-03-19_GR.svg
2020-03-19,2020-03-10,GR,Greece,79.697,84,charts/2020-03-19_GR.svg
2020-03-19,2020-03-11,GR,Greece,102.672,90,charts/2020-03-19_GR.svg
2020-03-19,2020-03-12,GR,Greece,129.824,99,charts/2020-03-19_GR.svg
2020-03-19,2020-03-13,GR,Greece,161.344,133,charts/2020-03-19_GR.svg
2020-03-19,2020-03-14,GR,Greece,197.330,190,charts/2020-03-19_GR.svg
2020-03-19,2020-03-15,GR,Greece,237.789,228,charts/2020-03-19_GR.svg
2020-03-19,2020-03-16,GR,Greece,282.633,331,charts/2020-03-19_GR.svg
2020-03-19,2020-03-17,GR,Greece,331.684,352,charts/2020-03-19_GR.svg
2020-03-19,2020-03-18,GR,Greece,384.686,387,charts/2020-03-19_GR.svg
2020-03-19,2020-03-19,GR,Greece,441.310,418,charts/2020-03-19_GR.svg
2020-03-19,2020-03-20,GR,Greece,501.172,,charts/2020-03-19_GR.svg
2020-03-19,2020-03-21,GR,Greece,563.845,,charts/2020-03-19_GR.svg
2020-03-19,2020-03-22,GR,Greece,628.872,,charts/2020-03-19_GR.svg
2020-03-19,2020-03-07,HR,Croatia,8.471,11,charts/2020-03-19_HR.svg
2020-03-19,2020-03-08,HR,Croatia,11.232,12,charts/2020-03-19_HR.svg
2020-03-19,2020-03-11,HR,Croatia,14.684,13,charts/2020-03-19_HR.svg
2020-03-19,2020-03-12,HR,Croatia,18.943,16,charts/2020-03-19_HR.svg
2020-03-19,2020-03-13,HR,Croatia,24.127,25,charts/2020-03-19_HR.svg
2020-03-19,2020-03-14,HR,Croatia,30.363,31,charts/2020-03-19_HR.svg
2020-03-19,2020-03-15,HR,Croatia,37.773,37,charts/2020-03-19_HR.svg
2020-03-19,2020-03-16,HR,Croatia,46.483,48,charts/2020-03-19_HR.svg
2020-03-19,2020-03-17,HR,Croatia,56.612,56,charts/2020-03-19_HR.svg
2020-03-19,2020-03-18,HR,Croatia,68.272,69,charts/2020-03-19_HR.svg
2020-03-19,2020-03-19,HR,Croatia,81.569,81,charts/2020-03-19_HR.svg
2020-03-19,2020-03-20,HR,Croatia,96.593,,charts/2020-03-19_HR.svg
2020-03-19,2020-03-21,HR,Croatia,113.423,,charts/2020-03-19_HR.svg
2020-03-19,2020-03-22,HR,Croatia,132.122,,charts/2020-03-19_HR.svg
2020-03-19,2020-03-06,IE,Ireland,7.277,13,charts/2020-03-19_IE.svg
2020-03-19,2020-03-07,IE,Ireland,11.089,18,charts/2020-03-19_IE.svg
2020-03-19,2020-03-08,IE,Ireland,16.564,19,charts/2020-03-19_IE.svg
2020-03-19,2020-03-09,IE,Ireland,24.275,21,charts/2020-03-19_IE.svg
2020-03-19,2020-03-11,IE,Ireland,34.940,35,charts/2020-03-19_IE.svg
2020-03-19,2020-03-12,IE,Ireland,49.429,43,charts/2020-03-19_IE.svg
2020-03-19,2020-03-13,IE,Ireland,68.789,70,charts/2020-03-19_IE.svg
2020-03-19,2020-03-14,IE,Ireland,94.245,91,charts/2020-03-19_IE.svg
2020-03-19,2020-03-15,IE,Ireland,127.210,129,charts/2020-03-19_IE.svg
2020-03-19,2020-03-16,IE,Ireland,169.285,169,charts/2020-03-19_IE.svg
2020-03-19,2020-03-17,IE,Ireland,222.251,223,charts/2020-03-19_IE.svg
2020-03-19,2020-03-18,IE,Ireland,288.051,292,charts/2020-03-19_IE.svg
2020-03-19,2020-03-19,IE,Ireland,368.778,366,charts/2020-03-19_IE.svg
2020-03-19,2020-03-20,IE,Ireland,466.638,,charts/2020-03-19_IE.svg
2020-03-19,2020-03-21,IE,Ireland,583.925,,charts/2020-03-19_IE.svg
2020-03-19,2020-03-22,IE,Ireland,722.976,,charts/2020-03-19_IE.svg
2020-03-19,2020-03-05,IL,Israel,7.891,15,charts/2020-03-19_IL.svg
2020-03-19,2020-03-06,IL,Israel,12.227,17,charts/2020-03-19_IL.svg
2020-03-19,2020-03-07,IL,Israel,18.464,19,charts/2020-03-19_IL.svg
2020-03-19,2020-03-08,IL,Israel,27.215,25,charts/2020-03-19_IL.svg
2020-03-19,2020-03-09,IL,Israel,39.209,39,charts/2020-03-19_IL.svg
2020-03-19,2020-03-11,IL,Israel,55.290,70,charts/2020-03-19_IL.svg
2020-03-19,2020-03-12,IL,Israel,76.408,82,charts/2020-03-19_IL.svg
2020-03-19,2020-03-13,IL,Israel,103.603,96,charts/2020-03-19_IL.svg
2020-03-19,2020-03-14,IL,Israel,137.984,116,charts/2020-03-19_IL.svg
2020-03-19,2020-03-15,IL,Israel,180.706,178,charts/2020-03-19_IL.svg
2020-03-19,2020-03-16,IL,Israel,232.934,250,charts/2020-03-19_IL.svg
2020-03-19,2020-03-17,IL,Israel,295.809,260,charts/2020-03-19_IL.svg
2020-03-19,2020-03-18,IL,Israel,370.416,427,charts/2020-03-19_IL.svg
2020-03-19,2020-03-19,IL,Israel,457.749,433,charts/2020-03-19_IL.svg
2020-03-19,2020-03-20,IL,Israel,558.677,,charts/2020-03-19_IL.svg
2020-03-19,2020-03-21,IL,Israel,673.921,,charts/2020-03-19_IL.svg
2020-03-19,2020-03-22,IL,Israel,804.025,,charts/2020-03-19_IL.svg
2020-03-19,2020-03-05,IN,India,25.800,28,charts/2020-03-19_IN.svg
2020-03-19,2020-03-06,IN,India,29.735,29,charts/2020-03-19_IN.svg
2020-03-19,2020-03-07,IN,India,34.264,31,charts/2020-03-19_IN.svg
2020-03-19,2020-03-08,IN,India,39.476,34,charts/2020-03-19_IN.svg
2020-03-19,2020-03-10,IN,India,45.471,44,charts/2020-03-19_IN.svg
2020-03-19,2020-03-11,IN,India,52.368,50,charts/2020-03-19_IN.svg
2020-03-19,2020-03-12,IN,India,60.300,73,charts/2020-03-19_IN.svg
2020-03-19,2020-03-13,IN,India,69.421,75,charts/2020-03-19_IN.svg
2020-03-19,2020-03-14,IN,India,79.907,83,charts/2020-03-19_IN.svg
2020-03-19,2020-03-15,IN,India,91.959,90,charts/2020-03-19_IN.svg
2020-03-19,2020-03-16,IN,India,105.810,93,charts/2020-03-19_IN.svg
2020-03-19,2020-03-17,IN,India,121.726,125,charts/2020-03-19_IN.svg
2020-03-19,2020-03-18,IN,India,140.010,137,charts/2020-03-19_IN.svg
2020-03-19,2020-03-19,IN,India,161.011,165,charts/2020-03-19_IN.svg
2020-03-19,2020-03-20,IN,India,185.128,,charts/2020-03-19_IN.svg
2020-03-19,2020-03-21,IN,India,212.820,,charts/2020-03-19_IN.svg
2020-03-19,2020-03-22,IN,India,244.609,,charts/2020-03-19_IN.svg
2020-03-19,2020-03-01,IQ,Iraq,17.484,13,charts/2020-03-19_IQ.svg
2020-03-19,2020-03-02,IQ,Iraq,20.576,19,charts/2020-03-19_IQ.svg
2020-03-19,2020-03-03,IQ,Iraq,24.135,21,charts/2020-03-19_IQ.svg
2020-03-19,2020-03-04,IQ,Iraq,28.218,26,charts/2020-03-19_IQ.svg
2020-03-19,2020-03-05,IQ,Iraq,32.889,31,charts/2020-03-19_IQ.svg
2020-03-19,2020-03-06,IQ,Iraq,38.214,38,charts/2020-03-19_IQ.svg
2020-03-19,2020-03-08,IQ,Iraq,44.268,54,charts/2020-03-19_IQ.svg
2020-03-19,2020-03-09,IQ,Iraq,51.129,61,charts/2020-03-19_IQ.svg
2020-03-19,2020-03-11,IQ,Iraq,58.883,61,charts/2020-03-19_IQ.svg
2020-03-19,2020-03-12,IQ,Iraq,67.619,70,charts/2020-03-19_IQ.svg
2020-03-19,2020-03-13,IQ,Iraq,77.435,74,charts/2020-03-19_IQ.svg
2020-03-19,2020-03-14,IQ,Iraq,88.435,85,charts/2020-03-19_IQ.svg
2020-03-19,2020-03-15,IQ,Iraq,100.727,85,charts/2020-03-19_IQ.svg
2020-03-19,2020-03-16,IQ,Iraq,114.427,124,charts/2020-03-19_IQ.svg
2020-03-19,2020-03-17,IQ,Iraq,129.657,124,charts/2020-03-19_IQ.svg
2020-03-19,2020-03-18,IQ,Iraq,146.545,154,charts/2020-03-19_IQ.svg
2020-03-19,2020-03-19,IQ,Iraq,165.224,164,charts/2020-03-19_IQ.svg
2020-03-19,2020-03-20,IQ,Iraq,185.834,,charts/2020-03-19_IQ.svg
2020-03-19,2020-03-21,IQ,Iraq,208.520,,charts/2020-03-19_IQ.svg
2020-03-19,2020-03-22,IQ,Iraq,233.434,,charts/2020-03-19_IQ.svg
2020-03-19,2020-02-22,IR,Iran,15.422,18,charts/2020-03-19_IR.svg
2020-03-19,2020-02-23,IR,Iran,30.917,28,charts/2020-03-19_IR.svg
2020-03-19,2020-02-24,IR,Iran,58.188,43,charts/2020-03-19_IR.svg
2020-03-19,2020-02-25,IR,Iran,103.403,61,charts/2020-03-19_IR.svg
2020-03-19,2020-02-26,IR,Iran,174.406,95,charts/2020-03-19_IR.svg
2020-03-19,2020-02-27,IR,Iran,280.528,139,charts/2020-03-19_IR.svg
2020-03-19,2020-02-28,IR,Iran,432.165,245,charts/2020-03-19_IR.svg
2020-03-19,2020-02-29,IR,Iran,640.153,388,charts/2020-03-19_IR.svg
2020-03-19,2020-03-01,IR,Iran,915.006,593,charts/2020-03-19_IR.svg
2020-03-19,2020-03-02,IR,Iran,1266.131,978,charts/2020-03-19_IR.svg
2020-03-19,2020-03-03,IR,Iran,1701.086,1501,charts/2020-03-19_IR.svg
2020-03-19,2020-03-04,IR,Iran,2224.998,2336,charts/2020-03-19_IR.svg
2020-03-19,2020-03-05,IR,Iran,2840.180,2922,charts/2020-03-19_IR.svg
2020-03-19,2020-03-06,IR,Iran,3545.980,3513,charts/2020-03-19_IR.svg
2020-03-19,2020-03-07,IR,Iran,4338.853,4747,charts/2020-03-19_IR.svg
2020-03-19,2020-03-08,IR,Iran,5212.625,5823,charts/2020-03-19_IR.svg
2020-03-19,2020-03-09,IR,Iran,6158.901,6566,charts/2020-03-19_IR.svg
2020-03-19,2020-03-10,IR,Iran,7167.574,7161,charts/2020-03-19_IR.svg
2020-03-19,2020-03-11,IR,Iran,8227.361,8042,charts/2020-03-19_IR.svg
2020-03-19,2020-03-12,IR,Iran,9326.341,9000,charts/2020-03-19_IR.svg
2020-03-19,2020-03-13,IR,Iran,10452.453,10075,charts/2020-03-19_IR.svg
2020-03-19,2020-03-14,IR,Iran,11593.915,11364,charts/2020-03-19_IR.svg
2020-03-19,2020-03-15,IR,Iran,12739.581,12729,charts/2020-03-19_IR.svg
2020-03-19,2020-03-16,IR,Iran,13879.199,13938,charts/2020-03-19_IR.svg
2020-03-19,2020-03-17,IR,Iran,15003.591,14991,charts/2020-03-19_IR.svg
2020-03-19,2020-03-18,IR,Iran,16104.763,16169,charts/2020-03-19_IR.svg
2020-03-19,2020-03-19,IR,Iran,17175.947,17361,charts/2020-03-19_IR.svg
2020-03-19,2020-03-20,IR,Iran,18211.588,,charts/2020-03-19_IR.svg
2020-03-19,2020-03-21,IR,Iran,19207.299,,charts/2020-03-19_IR.svg
2020-03-19,2020-03-22,IR,Iran,20159.777,,charts/2020-03-19_IR.svg
2020-03-19,2020-03-04,IS,Iceland,21.300,16,charts/2020-03-19_IS.svg
2020-03-19,2020-03-05,IS,Iceland,25.975,26,charts/2020-03-19_IS.svg
2020-03-19,2020-03-06,IS,Iceland,31.522,35,charts/2020-03-19_IS.svg
2020-03-19,2020-03-07,IS,Iceland,38.071,43,charts/2020-03-19_IS.svg
2020-03-19,2020-03-08,IS,Iceland,45.767,53,charts/2020-03-19_IS.svg
2020-03-19,2020-03-09,IS,Iceland,54.769,55,charts/2020-03-19_IS.svg
2020-03-19,2020-03-10,IS,Iceland,65.252,65,charts/2020-03-19_IS.svg
2020-03-19,2020-03-11,IS,Iceland,77.406,70,charts/2020-03-19_IS.svg
2020-03-19,2020-03-12,IS,Iceland,91.438,85,charts/2020-03-19_IS.svg
2020-03-19,2020-03-13,IS,Iceland,107.571,117,charts/2020-03-19_IS.svg
2020-03-19,2020-03-14,IS,Iceland,126.044,117,charts/2020-03-19_IS.svg
2020-03-19,2020-03-15,IS,Iceland,147.113,138,charts/2020-03-19_IS.svg
2020-03-19,2020-03-16,IS,Iceland,171.050,178,charts/2020-03-19_IS.svg
2020-03-19,2020-03-17,IS,Iceland,198.144,199,charts/2020-03-19_IS.svg
2020-03-19,2020-03-18,IS,Iceland,228.699,247,charts/2020-03-19_IS.svg
2020-03-19,2020-03-19,IS,Iceland,263.032,250,charts/2020-03-19_IS.svg
2020-03-19,2020-03-20,IS,Iceland,301.478,,charts/2020-03-19_IS.svg
2020-03-19,2020-03-21,IS,Iceland,344.383,,charts/2020-03-19_IS.svg
2020-03-19,2020-03-22,IS,Iceland,392.104,,charts/2020-03-19_IS.svg
2020-03-19,2020-01-30,JP,Japan,1.657,11,charts/2020-03-19_JP.svg
2020-03-19,2020-01-31,JP,Japan,2.119,14,charts/2020-03-19_JP.svg
2020-03-19,2020-02-01,JP,Japan,2.690,15,charts/2020-03-19_JP.svg
2020-03-19,2020-02-02,JP,Japan,3.390,19,charts/2020-03-19_JP.svg
2020-03-19,2020-02-03,JP,Japan,4.242,20,charts/2020-03-19_JP.svg
2020-03-19,2020-02-04,JP,Japan,5.272,20,charts/2020-03-19_JP.svg
2020-03-19,2020-02-05,JP,Japan,6.510,25,charts/2020-03-19_JP.svg
2020-03-19,2020-02-06,JP,Japan,7.987,25,charts/2020-03-19_JP.svg
2020-03-19,2020-02-07,JP,Japan,9.739,25,charts/2020-03-19_JP.svg
2020-03-19,2020-02-08,JP,Japan,11.805,25,charts/2020-03-19_JP.svg
2020-03-19,2020-02-09,JP,Japan,14.225,25,charts/2020-03-19_JP.svg
2020-03-19,2020-02-10,JP,Japan,17.046,25,charts/2020-03-19_JP.svg
2020-03-19,2020-02-11,JP,Japan,20.314,25,charts/2020-03-19_JP.svg
2020-03-19,2020-02-12,JP,Japan,24.080,25,charts/2020-03-19_JP.svg
2020-03-19,2020-02-13,JP,Japan,28.399,29,charts/2020-03-19_JP.svg
2020-03-19,2020-02-14,JP,Japan,33.325,30,charts/2020-03-19_JP.svg
2020-03-19,2020-02-15,JP,Japan,38.917,38,charts/2020-03-19_JP.svg
2020-03-19,2020-02-16,JP,Japan,45.234,52,charts/2020-03-19_JP.svg
2020-03-19,2020-02-17,JP,Japan,52.339,59,charts/2020-03-19_JP.svg
2020-03-19,2020-02-18,JP,Japan,60.293,59,charts/2020-03-19_JP.svg
2020-03-19,2020-02-19,JP,Japan,69.159,66,charts/2020-03-19_JP.svg
2020-03-19,2020-02-20,JP,Japan,79.000,84,charts/2020-03-19_JP.svg
2020-03-19,2020-02-21,JP,Japan,89.880,93,charts/2020-03-19_JP.svg
2020-03-19,2020-02-22,JP,Japan,101.859,105,charts/2020-03-19_JP.svg
2020-03-19,2020-02-23,JP,Japan,114.999,132,charts/2020-03-19_JP.svg
2020-03-19,2020-02-24,JP,Japan,129.358,144,charts/2020-03-19_JP.svg
2020-03-19,2020-02-25,JP,Japan,144.994,144,charts/2020-03-19_JP.svg
2020-03-19,2020-02-26,JP,Japan,161.960,164,charts/2020-03-19_JP.svg
2020-03-19,2020-02-27,JP,Japan,180.306,186,charts/2020-03-19_JP.svg
2020-03-19,2020-02-28,JP,Japan,200.080,210,charts/2020-03-19_JP.svg
2020-03-19,2020-02-29,JP,Japan,221.325,230,charts/2020-03-19_JP.svg
2020-03-19,2020-03-01,JP,Japan,244.080,239,charts/2020-03-19_JP.svg
2020-03-19,2020-03-02,JP,Japan,268.379,254,charts/2020-03-19_JP.svg
2020-03-19,2020-03-03,JP,Japan,294.251,254,charts/2020-03-19_JP.svg
2020-03-19,2020-03-04,JP,Japan,321.720,268,charts/2020-03-19_JP.svg
2020-03-19,2020-03-05,JP,Japan,350.806,317,charts/2020-03-19_JP.svg
2020-03-19,2020-03-06,JP,Japan,381.521,349,charts/2020-03-19_JP.svg
2020-03-19,2020-03-07,JP,Japan,413.874,408,charts/2020-03-19_JP.svg
2020-03-19,2020-03-08,JP,Japan,447.866,455,charts/2020-03-19_JP.svg
2020-03-19,2020-03-09,JP,Japan,483.495,488,charts/2020-03-19_JP.svg
2020-03-19,2020-03-10,JP,Japan,520.750,514,charts/2020-03-19_JP.svg
2020-03-19,2020-03-11,JP,Japan,559.619,568,charts/2020-03-19_JP.svg
2020-03-19,2020-03-12,JP,Japan,600.081,619,charts/2020-03-19_JP.svg
2020-03-19,2020-03-13,JP,Japan,642.112,675,charts/2020-03-19_JP.svg
2020-03-19,2020-03-14,JP,Japan,685.681,737,charts/2020-03-19_JP.svg
2020-03-19,2020-03-15,JP,Japan,730.754,780,charts/2020-03-19_JP.svg
2020-03-19,2020-03-16,JP,Japan,777.291,814,charts/2020-03-19_JP.svg
2020-03-19,2020-03-17,JP,Japan,825.251,824,charts/2020-03-19_JP.svg
2020-03-19,2020-03-18,JP,Japan,874.584,829,charts/2020-03-19_JP.svg
2020-03-19,2020-03-19,JP,Japan,925.240,873,charts/2020-03-19_JP.svg
2020-03-19,2020-03-20,JP,Japan,977.165,,charts/2020-03-19_JP.svg
2020-03-19,2020-03-21,JP,Japan,1030.301,,charts/2020-03-19_JP.svg
2020-03-19,2020-03-22,JP,Japan,1084.588,,charts/2020-03-19_JP.svg
2020-03-19,2020-02-01,KR,South Korea,0.000,12,charts/2020-03-19_KR.svg
2020-03-19,2020-02-02,KR,South Korea,0.000,15,charts/2020-03-19_KR.svg
2020-03-19,2020-02-03,KR,South Korea,0.000,15,charts/2020-03-19_KR.svg
2020-03-19,2020-02-04,KR,South Korea,0.000,16,charts/2020-03-19_KR.svg
2020-03-19,2020-02-05,KR,South Korea,0.000,18,charts/2020-03-19_KR.svg
2020-03-19,2020-02-06,KR,South Korea,0.000,23,charts/2020-03-19_KR.svg
2020-03-19,2020-02-07,KR,South Korea,0.000,24,charts/2020-03-19_KR.svg
2020-03-19,2020-02-08,KR,South Korea,0.000,24,charts/2020-03-19_KR.svg
2020-03-19,2020-02-09,KR,South Korea,0.000,25,charts/2020-03-19_KR.svg
2020-03-19,2020-02-10,KR,South Korea,0.000,27,charts/2020-03-19_KR.svg
2020-03-19,2020-02-11,KR,South Korea,0.000,28,charts/2020-03-19_KR.svg
2020-03-19,2020-02-12,KR,South Korea,0.000,28,charts/2020-03-19_KR.svg
2020-03-19,2020-02-13,KR,South Korea,0.000,28,charts/2020-03-19_KR.svg
2020-03-19,2020-02-14,KR,South Korea,0.000,28,charts/2020-03-19_KR.svg
2020-03-19,2020-02-15,KR,South Korea,0.000,28,charts/2020-03-19_KR.svg
2020-03-19,2020-02-16,KR,South Korea,0.006,29,charts/2020-03-19_KR.svg
2020-03-19,2020-02-17,KR,South Korea,0.074,30,charts/2020-03-19_KR.svg
2020-03-19,2020-02-18,KR,South Korea,0.600,31,charts/2020-03-19_KR.svg
2020-03-19,2020-02-19,KR,South Korea,3.356,46,charts/2020-03-19_KR.svg
2020-03-19,2020-02-20,KR,South Korea,13.773,80,charts/2020-03-19_KR.svg
2020-03-19,2020-02-21,KR,South Korea,43.864,155,charts/2020-03-19_KR.svg
2020-03-19,2020-02-22,KR,South Korea,113.457,345,charts/2020-03-19_KR.svg
2020-03-19,2020-02-23,KR,South Korea,247.417,601,charts/2020-03-19_KR.svg
2020-03-19,2020-02-24,KR,South Korea,469.049,762,charts/2020-03-19_KR.svg
2020-03-19,2020-02-25,KR,South Korea,792.713,892,charts/2020-03-19_KR.svg
2020-03-19,2020-02-26,KR,South Korea,1219.228,1146,charts/2020-03-19_KR.svg
2020-03-19,2020-02-27,KR,South Korea,1735.702,1595,charts/2020-03-19_KR.svg
2020-03-19,2020-02-28,KR,South Korea,2319.087,2022,charts/2020-03-19_KR.svg
2020-03-19,2020-02-29,KR,South Korea,2941.430,2931,charts/2020-03-19_KR.svg
2020-03-19,2020-03-01,KR,South Korea,3574.855,3526,charts/2020-03-19_KR.svg
2020-03-19,2020-03-02,KR,South Korea,4195.141,4212,charts/2020-03-19_KR.svg
2020-03-19,2020-03-03,KR,South Korea,4783.601,4812,charts/2020-03-19_KR.svg
2020-03-19,2020-03-04,KR,South Korea,5327.519,5328,charts/2020-03-19_KR.svg
2020-03-19,2020-03-05,KR,South Korea,5819.629,5766,charts/2020-03-19_KR.svg
2020-03-19,2020-03-06,KR,South Korea,6257.121,6284,charts/2020-03-19_KR.svg
2020-03-19,2020-03-07,KR,South Korea,6640.492,6767,charts/2020-03-19_KR.svg
2020-03-19,2020-03-08,KR,South Korea,6972.488,7134,charts/2020-03-19_KR.svg
2020-03-19,2020-03-09,KR,South Korea,7257.217,7382,charts/2020-03-19_KR.svg
2020-03-19,2020-03-10,KR,South Korea,7499.472,7513,charts/2020-03-19_KR.svg
2020-03-19,2020-03-11,KR,South Korea,7704.246,7755,charts/2020-03-19_KR.svg
2020-03-19,2020-03-12,KR,South Korea,7876.412,7869,charts/2020-03-19_KR.svg
2020-03-19,2020-03-13,KR,South Korea,8020.527,7979,charts/2020-03-19_KR.svg
2020-03-19,2020-03-14,KR,South Korea,8140.727,8086,charts/2020-03-19_KR.svg
2020-03-19,2020-03-15,KR,South Korea,8240.683,8162,charts/2020-03-19_KR.svg
2020-03-19,2020-03-16,KR,South Korea,8323.604,8236,charts/2020-03-19_KR.svg
2020-03-19,2020-03-17,KR,South Korea,8392.255,8320,charts/2020-03-19_KR.svg
2020-03-19,2020-03-18,KR,South Korea,8448.999,8413,charts/2020-03-19_KR.svg
2020-03-19,2020-03-19,KR,South Korea,8495.839,8565,charts/2020-03-19_KR.svg
2020-03-19,2020-03-20,KR,South Korea,8534.460,,charts/2020-03-19_KR.svg
2020-03-19,2020-03-21,KR,South Korea,8566.276,,charts/2020-03-19_KR.svg
2020-03-19,2020-03-22,KR,South Korea,8592.467,,charts/2020-03-19_KR.svg
2020-03-19,2020-02-26,KW,Kuwait,28.951,11,charts/2020-03-19_KW.svg
2020-03-19,2020-02-27,KW,Kuwait,31.619,26,charts/2020-03-19_KW.svg
2020-03-19,2020-02-28,KW,Kuwait,34.515,43,charts/2020-03-19_KW.svg
2020-03-19,2020-02-29,KW,Kuwait,37.655,45,charts/2020-03-19_KW.svg
2020-03-19,2020-03-01,KW,Kuwait,41.060,45,charts/2020-03-19_KW.svg
2020-03-19,2020-03-02,KW,Kuwait,44.748,46,charts/2020-03-19_KW.svg
2020-03-19,2020-03-03,KW,Kuwait,48.742,56,charts/2020-03-19_KW.svg
2020-03-19,2020-03-06,KW,Kuwait,53.064,58,charts/2020-03-19_KW.svg
2020-03-19,2020-03-08,KW,Kuwait,57.740,61,charts/2020-03-19_KW.svg
2020-03-19,2020-03-09,KW,Kuwait,62.795,64,charts/2020-03-19_KW.svg
2020-03-19,2020-03-10,KW,Kuwait,68.258,65,charts/2020-03-19_KW.svg
2020-03-19,2020-03-11,KW,Kuwait,74.158,69,charts/2020-03-19_KW.svg
2020-03-19,2020-03-12,KW,Kuwait,80.527,72,charts/2020-03-19_KW.svg
2020-03-19,2020-03-13,KW,Kuwait,87.399,80,charts/2020-03-19_KW.svg
2020-03-19,2020-03-14,KW,Kuwait,94.809,100,charts/2020-03-19_KW.svg
2020-03-19,2020-03-15,KW,Kuwait,102.797,104,charts/2020-03-19_KW.svg
2020-03-19,2020-03-16,KW,Kuwait,111.402,112,charts/2020-03-19_KW.svg
2020-03-19,2020-03-17,KW,Kuwait,120.669,123,charts/2020-03-19_KW.svg
2020-03-19,2020-03-18,KW,Kuwait,130.642,130,charts/2020-03-19_KW.svg
2020-03-19,2020-03-19,KW,Kuwait,141.370,142,charts/2020-03-19_KW.svg
2020-03-19,2020-03-20,KW,Kuwait,152.906,,charts/2020-03-19_KW.svg
2020-03-19,2020-03-21,KW,Kuwait,165.303,,charts/2020-03-19_KW.svg
2020-03-19,2020-03-22,KW,Kuwait,178.620,,charts/2020-03-19_KW.svg
2020-03-19,2020-03-03,LB,Lebanon,10.102,13,charts/2020-03-19_LB.svg
2020-03-19,2020-03-06,LB,Lebanon,15.208,16,charts/2020-03-19_LB.svg
2020-03-19,2020-03-07,LB,Lebanon,21.743,22,charts/2020-03-19_LB.svg
2020-03-19,2020-03-09,LB,Lebanon,29.713,32,charts/2020-03-19_LB.svg
2020-03-19,2020-03-10,LB,Lebanon,39.036,41,charts/2020-03-19_LB.svg
2020-03-19,2020-03-11,LB,Lebanon,49.547,41,charts/2020-03-19_LB.svg
2020-03-19,2020-03-12,LB,Lebanon,61.022,61,charts/2020-03-19_LB.svg
2020-03-19,2020-03-13,LB,Lebanon,73.205,66,charts/2020-03-19_LB.svg
2020-03-19,2020-03-15,LB,Lebanon,85.824,93,charts/2020-03-19_LB.svg
2020-03-19,2020-03-16,LB,Lebanon,98.618,99,charts/2020-03-19_LB.svg
2020-03-19,2020-03-17,LB,Lebanon,111.348,120,charts/2020-03-19_LB.svg
2020-03-19,2020-03-18,LB,Lebanon,123.809,120,charts/2020-03-19_LB.svg
2020-03-19,2020-03-19,LB,Lebanon,135.832,133,charts/2020-03-19_LB.svg
2020-03-19,2020-03-20,LB,Lebanon,147.290,,charts/2020-03-19_LB.svg
2020-03-19,2020-03-21,LB,Lebanon,158.089,,charts/2020-03-19_LB.svg
2020-03-19,2020-03-22,LB,Lebanon,168.171,,charts/2020-03-19_LB.svg
2020-03-19,2020-02-06,MY,Malaysia,0.048,12,charts/2020-03-19_MY.svg
2020-03-19,2020-02-07,MY,Malaysia,0.061,14,charts/2020-03-19_MY.svg
2020-03-19,2020-02-08,MY,Malaysia,0.078,15,charts/2020-03-19_MY.svg
2020-03-19,2020-02-09,MY,Malaysia,0.099,16,charts/2020-03-19_MY.svg
2020-03-19,2020-02-10,MY,Malaysia,0.125,18,charts/2020-03-19_MY.svg
2020-03-19,2020-02-11,MY,Malaysia,0.159,18,charts/2020-03-19_MY.svg
2020-03-19,2020-02-12,MY,Malaysia,0.202,18,charts/2020-03-19_MY.svg
2020-03-19,2020-02-13,MY,Malaysia,0.257,18,charts/2020-03-19_MY.svg
2020-03-19,2020-02-14,MY,Malaysia,0.327,19,charts/2020-03-19_MY.svg
2020-03-19,2020-02-15,MY,Malaysia,0.415,21,charts/2020-03-19_MY.svg
2020-03-19,2020-02-16,MY,Malaysia,0.527,22,charts/2020-03-19_MY.svg
2020-03-19,2020-02-17,MY,Malaysia,0.670,22,charts/2020-03-19_MY.svg
2020-03-19,2020-02-18,MY,Malaysia,0.851,22,charts/2020-03-19_MY.svg
2020-03-19,2020-02-19,MY,Malaysia,1.080,22,charts/2020-03-19_MY.svg
2020-03-19,2020-02-20,MY,Malaysia,1.371,22,charts/2020-03-19_MY.svg
2020-03-19,2020-02-21,MY,Malaysia,1.740,22,charts/2020-03-19_MY.svg
2020-03-19,2020-02-22,MY,Malaysia,2.208,22,charts/2020-03-19_MY.svg
2020-03-19,2020-02-23,MY,Malaysia,2.801,22,charts/2020-03-19_MY.svg
2020-03-19,2020-02-24,MY,Malaysia,3.553,22,charts/2020-03-19_MY.svg
2020-03-19,2020-02-25,MY,Malaysia,4.507,22,charts/2020-03-19_MY.svg
2020-03-19,2020-02-26,MY,Malaysia,5.716,22,charts/2020-03-19_MY.svg
2020-03-19,2020-02-27,MY,Malaysia,7.248,22,charts/2020-03-19_MY.svg
2020-03-19,2020-02-28,MY,Malaysia,9.189,23,charts/2020-03-19_MY.svg
2020-03-19,2020-02-29,MY,Malaysia,11.649,25,charts/2020-03-19_MY.svg
2020-03-19,2020-03-01,MY,Malaysia,14.764,25,charts/2020-03-19_MY.svg
2020-03-19,2020-03-02,MY,Malaysia,18.709,29,charts/2020-03-19_MY.svg
2020-03-19,2020-03-04,MY,Malaysia,23.706,36,charts/2020-03-19_MY.svg
2020-03-19,2020-03-05,MY,Malaysia,30.032,50,charts/2020-03-19_MY.svg
2020-03-19,2020-03-06,MY,Malaysia,38.041,50,charts/2020-03-19_MY.svg
2020-03-19,2020-03-07,MY,Malaysia,48.178,83,charts/2020-03-19_MY.svg
2020-03-19,2020-03-08,MY,Malaysia,61.008,93,charts/2020-03-19_MY.svg
2020-03-19,2020-03-09,MY,Malaysia,77.242,99,charts/2020-03-19_MY.svg
2020-03-19,2020-03-10,MY,Malaysia,97.782,117,charts/2020-03-19_MY.svg
2020-03-19,2020-03-11,MY,Malaysia,123.764,129,charts/2020-03-19_MY.svg
2020-03-19,2020-03-12,MY,Malaysia,156.627,149,charts/2020-03-19_MY.svg
2020-03-19,2020-03-13,MY,Malaysia,198.186,158,charts/2020-03-19_MY.svg
2020-03-19,2020-03-14,MY,Malaysia,250.735,197,charts/2020-03-19_MY.svg
2020-03-19,2020-03-15,MY,Malaysia,317.169,238,charts/2020-03-19_MY.svg
2020-03-19,2020-03-16,MY,Malaysia,401.145,428,charts/2020-03-19_MY.svg
2020-03-19,2020-03-17,MY,Malaysia,507.278,553,charts/2020-03-19_MY.svg
2020-03-19,2020-03-18,MY,Malaysia,641.396,673,charts/2020-03-19_MY.svg
2020-03-19,2020-03-19,MY,Malaysia,810.852,790,charts/2020-03-19_MY.svg
2020-03-19,2020-03-20,MY,Malaysia,1024.923,,charts/2020-03-19_MY.svg
2020-03-19,2020-03-21,MY,Malaysia,1295.317,,charts/2020-03-19_MY.svg
2020-03-19,2020-03-22,MY,Malaysia,1636.802,,charts/2020-03-19_MY.svg
2020-03-19,2020-03-02,NL,Netherlands,25.167,13,charts/2020-03-19_NL.svg
2020-03-19,2020-03-03,NL,Netherlands,36.129,18,charts/2020-03-19_NL.svg
2020-03-19,2020-03-04,NL,Netherlands,51.047,28,charts/2020-03-19_NL.svg
2020-03-19,2020-03-05,NL,Netherlands,71.036,38,charts/2020-03-19_NL.svg
2020-03-19,2020-03-06,NL,Netherlands,97.425,82,charts/2020-03-19_NL.svg
2020-03-19,2020-03-07,NL,Netherlands,131.774,128,charts/2020-03-19_NL.svg
2020-03-19,2020-03-08,NL,Netherlands,175.880,188,charts/2020-03-19_NL.svg
2020-03-19,2020-03-09,NL,Netherlands,231.786,265,charts/2020-03-19_NL.svg
2020-03-19,2020-03-10,NL,Netherlands,301.776,321,charts/2020-03-19_NL.svg
2020-03-19,2020-03-11,NL,Netherlands,388.365,382,charts/2020-03-19_NL.svg
2020-03-19,2020-03-12,NL,Netherlands,494.283,503,charts/2020-03-19_NL.svg
2020-03-19,2020-03-13,NL,Netherlands,622.448,614,charts/2020-03-19_NL.svg
2020-03-19,2020-03-14,NL,Netherlands,775.935,804,charts/2020-03-19_NL.svg
2020-03-19,2020-03-15,NL,Netherlands,957.935,959,charts/2020-03-19_NL.svg
2020-03-19,2020-03-16,NL,Netherlands,1171.712,1135,charts/2020-03-19_NL.svg
2020-03-19,2020-03-17,NL,Netherlands,1420.551,1413,charts/2020-03-19_NL.svg
2020-03-19,2020-03-18,NL,Netherlands,1707.706,1705,charts/2020-03-19_NL.svg
2020-03-19,2020-03-19,NL,Netherlands,2036.346,2051,charts/2020-03-19_NL.svg
2020-03-19,2020-03-20,NL,Netherlands,2409.500,,charts/2020-03-19_NL.svg
2020-03-19,2020-03-21,NL,Netherlands,2830.007,,charts/2020-03-19_NL.svg
2020-03-19,2020-03-22,NL,Netherlands,3300.459,,charts/2020-03-19_NL.svg
2020-03-19,2020-03-01,NO,Norway,0.543,15,charts/2020-03-19_NO.svg
2020-03-19,2020-03-02,NO,Norway,1.660,19,charts/2020-03-19_NO.svg
2020-03-19,2020-03-03,NO,Norway,4.388,25,charts/2020-03-19_NO.svg
2020-03-19,2020-03-04,NO,Norway,10.222,33,charts/2020-03-19_NO.svg
2020-03-19,2020-03-05,NO,Norway,21.333,56,charts/2020-03-19_NO.svg
2020-03-19,2020-03-06,NO,Norway,40.458,86,charts/2020-03-19_NO.svg
2020-03-19,2020-03-07,NO,Norway,70.603,113,charts/2020-03-19_NO.svg
2020-03-19,2020-03-08,NO,Norway,114.606,147,charts/2020-03-19_NO.svg
2020-03-19,2020-03-09,NO,Norway,174.677,169,charts/2020-03-19_NO.svg
2020-03-19,2020-03-10,NO,Norway,252.039,192,charts/2020-03-19_NO.svg
2020-03-19,2020-03-11,NO,Norway,346.735,277,charts/2020-03-19_NO.svg
2020-03-19,2020-03-12,NO,Norway,457.631,489,charts/2020-03-19_NO.svg
2020-03-19,2020-03-13,NO,Norway,582.592,621,charts/2020-03-19_NO.svg
2020-03-19,2020-03-14,NO,Norway,718.757,621,charts/2020-03-19_NO.svg
2020-03-19,2020-03-15,NO,Norway,862.859,907,charts/2020-03-19_NO.svg
2020-03-19,2020-03-16,NO,Norway,1011.532,1077,charts/2020-03-19_NO.svg
2020-03-19,2020-03-17,NO,Norway,1161.564,1169,charts/2020-03-19_NO.svg
2020-03-19,2020-03-18,NO,Norway,1310.079,1308,charts/2020-03-19_NO.svg
2020-03-19,2020-03-19,NO,Norway,1454.649,1423,charts/2020-03-19_NO.svg
2020-03-19,2020-03-20,NO,Norway,1593.339,,charts/2020-03-19_NO.svg
2020-03-19,2020-03-21,NO,Norway,1724.709,,charts/2020-03-19_NO.svg
2020-03-19,2020-03-22,NO,Norway,1847.780,,charts/2020-03-19_NO.svg
2020-03-19,2020-03-05,OM,Oman,13.401,15,charts/2020-03-19_OM.svg
2020-03-19,2020-03-06,OM,Oman,14.766,16,charts/2020-03-19_OM.svg
2020-03-19,2020-03-10,OM,Oman,16.269,18,charts/2020-03-19_OM.svg
2020-03-19,2020-03-11,OM,Oman,17.925,18,charts/2020-03-19_OM.svg
2020-03-19,2020-03-14,OM,Oman,19.749,20,charts/2020-03-19_OM.svg
2020-03-19,2020-03-15,OM,Oman,21.758,20,charts/2020-03-19_OM.svg
2020-03-19,2020-03-16,OM,Oman,23.970,22,charts/2020-03-19_OM.svg
2020-03-19,2020-03-17,OM,Oman,26.406,24,charts/2020-03-19_OM.svg
2020-03-19,2020-03-18,OM,Oman,29.089,24,charts/2020-03-19_OM.svg
2020-03-19,2020-03-19,OM,Oman,32.043,39,charts/2020-03-19_OM.svg
2020-03-19,2020-03-20,OM,Oman,35.296,,charts/2020-03-19_OM.svg
2020-03-19,2020-03-21,OM,Oman,38.878,,charts/2020-03-19_OM.svg
2020-03-19,2020-03-22,OM,Oman,42.822,,charts/2020-03-19_OM.svg
2020-03-19,2020-03-10,PH,Philippines,22.685,33,charts/2020-03-19_PH.svg
2020-03-19,2020-03-11,PH,Philippines,32.996,33,charts/2020-03-19_PH.svg
2020-03-19,2020-03-12,PH,Philippines,46.055,49,charts/2020-03-19_PH.svg
2020-03-19,2020-03-13,PH,Philippines,61.967,52,charts/2020-03-19_PH.svg
2020-03-19,2020-03-14,PH,Philippines,80.697,64,charts/2020-03-19_PH.svg
2020-03-19,2020-03-15,PH,Philippines,102.079,111,charts/2020-03-19_PH.svg
2020-03-19,2020-03-16,PH,Philippines,125.828,140,charts/2020-03-19_PH.svg
2020-03-19,2020-03-17,PH,Philippines,151.574,142,charts/2020-03-19_PH.svg
2020-03-19,2020-03-18,PH,Philippines,178.885,187,charts/2020-03-19_PH.svg
2020-03-19,2020-03-19,PH,Philippines,207.302,202,charts/2020-03-19_PH.svg
2020-03-19,2020-03-20,PH,Philippines,236.369,,charts/2020-03-19_PH.svg
2020-03-19,2020-03-21,PH,Philippines,265.647,,charts/2020-03-19_PH.svg
2020-03-19,2020-03-22,PH,Philippines,294.739,,charts/2020-03-19_PH.svg
2020-03-19,2020-03-10,PK,Pakistan,0.000,16,charts/2020-03-19_PK.svg
2020-03-19,2020-03-11,PK,Pakistan,0.000,16,charts/2020-03-19_PK.svg
2020-03-19,2020-03-12,PK,Pakistan,0.018,20,charts/2020-03-19_PK.svg
2020-03-19,2020-03-13,PK,Pakistan,0.548,21,charts/2020-03-19_PK.svg
2020-03-19,2020-03-14,PK,Pakistan,5.423,21,charts/2020-03-19_PK.svg
2020-03-19,2020-03-15,PK,Pakistan,25.058,30,charts/2020-03-19_PK.svg
2020-03-19,2020-03-16,PK,Pakistan,69.621,31,charts/2020-03-19_PK.svg
2020-03-19,2020-03-17,PK,Pakistan,137.730,187,charts/2020-03-19_PK.svg
2020-03-19,2020-03-18,PK,Pakistan,217.194,187,charts/2020-03-19_PK.svg
2020-03-19,2020-03-19,PK,Pakistan,294.388,302,charts/2020-03-19_PK.svg
2020-03-19,2020-03-20,PK,Pakistan,360.660,,charts/2020-03-19_PK.svg
2020-03-19,2020-03-21,PK,Pakistan,413.018,,charts/2020-03-19_PK.svg
2020-03-19,2020-03-22,PK,Pakistan,452.142,,charts/2020-03-19_PK.svg
2020-03-19,2020-03-09,PL,Poland,8.302,11,charts/2020-03-19_PL.svg
2020-03-19,2020-03-10,PL,Poland,13.703,17,charts/2020-03-19_PL.svg
2020-03-19,2020-03-11,PL,Poland,21.740,22,charts/2020-03-19_PL.svg
2020-03-19,2020-03-12,PL,Poland,33.255,31,charts/2020-03-19_PL.svg
2020-03-19,2020-03-13,PL,Poland,49.189,49,charts/2020-03-19_PL.svg
2020-03-19,2020-03-14,PL,Poland,70.543,68,charts/2020-03-19_PL.svg
2020-03-19,2020-03-15,PL,Poland,98.325,104,charts/2020-03-19_PL.svg
2020-03-19,2020-03-16,PL,Poland,133.501,125,charts/2020-03-19_PL.svg
2020-03-19,2020-03-17,PL,Poland,176.933,177,charts/2020-03-19_PL.svg
2020-03-19,2020-03-18,PL,Poland,229.336,238,charts/2020-03-19_PL.svg
2020-03-19,2020-03-19,PL,Poland,291.228,287,charts/2020-03-19_PL.svg
2020-03-19,2020-03-20,PL,Poland,362.909,,charts/2020-03-19_PL.svg
2020-03-19,2020-03-21,PL,Poland,444.439,,charts/2020-03-19_PL.svg
2020-03-19,2020-03-22,PL,Poland,535.640,,charts/2020-03-19_PL.svg
2020-03-19,2020-03-07,PS,Palestine,14.790,16,charts/2020-03-19_PS.svg
2020-03-19,2020-03-08,PS,Palestine,19.069,19,charts/2020-03-19_PS.svg
2020-03-19,2020-03-10,PS,Palestine,23.263,20,charts/2020-03-19_PS.svg
2020-03-19,2020-03-11,PS,Palestine,27.179,29,charts/2020-03-19_PS.svg
2020-03-19,2020-03-12,PS,Palestine,30.698,30,charts/2020-03-19_PS.svg
2020-03-19,2020-03-14,PS,Palestine,33.766,35,charts/2020-03-19_PS.svg
2020-03-19,2020-03-15,PS,Palestine,36.379,38,charts/2020-03-19_PS.svg
2020-03-19,2020-03-16,PS,Palestine,38.564,38,charts/2020-03-19_PS.svg
2020-03-19,2020-03-17,PS,Palestine,40.365,39,charts/2020-03-19_PS.svg
2020-03-19,2020-03-18,PS,Palestine,41.832,41,charts/2020-03-19_PS.svg
2020-03-19,2020-03-19,PS,Palestine,43.018,44,charts/2020-03-19_PS.svg
2020-03-19,2020-03-20,PS,Palestine,43.969,,charts/2020-03-19_PS.svg
2020-03-19,2020-03-21,PS,Palestine,44.728,,charts/2020-03-19_PS.svg
2020-03-19,2020-03-22,PS,Palestine,45.331,,charts/2020-03-19_PS.svg
2020-03-19,2020-03-07,PT,Portugal,11.417,13,charts/2020-03-19_PT.svg
2020-03-19,2020-03-08,PT,Portugal,15.993,21,charts/2020-03-19_PT.svg
2020-03-19,2020-03-09,PT,Portugal,22.396,30,charts/2020-03-19_PT.svg
2020-03-19,2020-03-10,PT,Portugal,31.354,39,charts/2020-03-19_PT.svg
2020-03-19,2020-03-11,PT,Portugal,43.881,41,charts/2020-03-19_PT.svg
2020-03-19,2020-03-12,PT,Portugal,61.394,59,charts/2020-03-19_PT.svg
2020-03-19,2020-03-13,PT,Portugal,85.871,78,charts/2020-03-19_PT.svg
2020-03-19,2020-03-14,PT,Portugal,120.069,112,charts/2020-03-19_PT.svg
2020-03-19,2020-03-15,PT,Portugal,167.836,169,charts/2020-03-19_PT.svg
2020-03-19,2020-03-16,PT,Portugal,234.534,245,charts/2020-03-19_PT.svg
2020-03-19,2020-03-17,PT,Portugal,327.638,331,charts/2020-03-19_PT.svg
2020-03-19,2020-03-18,PT,Portugal,457.563,448,charts/2020-03-19_PT.svg
2020-03-19,2020-03-19,PT,Portugal,638.815,642,charts/2020-03-19_PT.svg
2020-03-19,2020-03-20,PT,Portugal,891.594,,charts/2020-03-19_PT.svg
2020-03-19,2020-03-21,PT,Portugal,1244.019,,charts/2020-03-19_PT.svg
2020-03-19,2020-03-22,PT,Portugal,1735.223,,charts/2020-03-19_PT.svg
2020-03-19,2020-03-07,QA,Qatar,0.000,11,charts/2020-03-19_QA.svg
2020-03-19,2020-03-08,QA,Qatar,0.000,12,charts/2020-03-19_QA.svg
2020-03-19,2020-03-09,QA,Qatar,0.003,15,charts/2020-03-19_QA.svg
2020-03-19,2020-03-10,QA,Qatar,3.840,18,charts/2020-03-19_QA.svg
2020-03-19,2020-03-11,QA,Qatar,67.743,24,charts/2020-03-19_QA.svg
2020-03-19,2020-03-12,QA,Qatar,209.125,262,charts/2020-03-19_QA.svg
2020-03-19,2020-03-14,QA,Qatar,325.586,320,charts/2020-03-19_QA.svg
2020-03-19,2020-03-15,QA,Qatar,387.413,337,charts/2020-03-19_QA.svg
2020-03-19,2020-03-16,QA,Qatar,414.791,401,charts/2020-03-19_QA.svg
2020-03-19,2020-03-17,QA,Qatar,426.065,439,charts/2020-03-19_QA.svg
2020-03-19,2020-03-18,QA,Qatar,430.576,442,charts/2020-03-19_QA.svg
2020-03-19,2020-03-19,QA,Qatar,432.361,452,charts/2020-03-19_QA.svg
2020-03-19,2020-03-20,QA,Qatar,433.064,,charts/2020-03-19_QA.svg
2020-03-19,2020-03-21,QA,Qatar,433.340,,charts/2020-03-19_QA.svg
2020-03-19,2020-03-22,QA,Qatar,433.449,,charts/2020-03-19_QA.svg
2020-03-19,2020-03-08,RO,Romania,7.212,13,charts/2020-03-19_RO.svg
2020-03-19,2020-03-09,RO,Romania,12.320,15,charts/2020-03-19_RO.svg
2020-03-19,2020-03-10,RO,Romania,19.891,17,charts/2020-03-19_RO.svg
2020-03-19,2020-03-11,RO,Romania,30.529,25,charts/2020-03-19_RO.svg
2020-03-19,2020-03-12,RO,Romania,44.783,45,charts/2020-03-19_RO.svg
2020-03-19,2020-03-13,RO,Romania,63.088,64,charts/2020-03-19_RO.svg
2020-03-19,2020-03-14,RO,Romania,85.716,89,charts/2020-03-19_RO.svg
2020-03-19,2020-03-15,RO,Romania,112.751,113,charts/2020-03-19_RO.svg
2020-03-19,2020-03-16,RO,Romania,144.080,139,charts/2020-03-19_RO.svg
2020-03-19,2020-03-17,RO,Romania,179.408,184,charts/2020-03-19_RO.svg
2020-03-19,2020-03-18,RO,Romania,218.285,217,charts/2020-03-19_RO.svg
2020-03-19,2020-03-19,RO,Romania,260.141,260,charts/2020-03-19_RO.svg
2020-03-19,2020-03-20,RO,Romania,304.333,,charts/2020-03-19_RO.svg
2020-03-19,2020-03-21,RO,Romania,350.182,,charts/2020-03-19_RO.svg
2020-03-19,2020-03-22,RO,Romania,397.010,,charts/2020-03-19_RO.svg
2020-03-19,2020-03-09,SA,Saudi Arabia,8.953,11,charts/2020-03-19_SA.svg
2020-03-19,2020-03-10,SA,Saudi Arabia,16.804,15,charts/2020-03-19_SA.svg
2020-03-19,2020-03-11,SA,Saudi Arabia,27.952,20,charts/2020-03-19_SA.svg
2020-03-19,2020-03-12,SA,Saudi Arabia,42.171,45,charts/2020-03-19_SA.svg
2020-03-19,2020-03-13,SA,Saudi Arabia,58.799,62,charts/2020-03-19_SA.svg
2020-03-19,2020-03-14,SA,Saudi Arabia,76.919,86,charts/2020-03-19_SA.svg
2020-03-19,2020-03-15,SA,Saudi Arabia,95.570,86,charts/2020-03-19_SA.svg
2020-03-19,2020-03-16,SA,Saudi Arabia,113.901,118,charts/2020-03-19_SA.svg
2020-03-19,2020-03-17,SA,Saudi Arabia,131.256,133,charts/2020-03-19_SA.svg
2020-03-19,2020-03-18,SA,Saudi Arabia,147.196,133,charts/2020-03-19_SA.svg
2020-03-19,2020-03-19,SA,Saudi Arabia,161.483,171,charts/2020-03-19_SA.svg
2020-03-19,2020-03-20,SA,Saudi Arabia,174.037,,charts/2020-03-19_SA.svg
2020-03-19,2020-03-21,SA,Saudi Arabia,184.893,,charts/2020-03-19_SA.svg
2020-03-19,2020-03-22,SA,Saudi Arabia,194.160,,charts/2020-03-19_SA.svg
2020-03-19,2020-02-29,SE,Sweden,0.033,12,charts/2020-03-19_SE.svg
2020-03-19,2020-03-01,SE,Sweden,0.191,13,charts/2020-03-19_SE.svg
2020-03-19,2020-03-02,SE,Sweden,0.836,14,charts/2020-03-19_SE.svg
2020-03-19,2020-03-03,SE,Sweden,2.888,15,charts/2020-03-19_SE.svg
2020-03-19,2020-03-04,SE,Sweden,8.186,24,charts/2020-03-19_SE.svg
2020-03-19,2020-03-05,SE,Sweden,19.644,35,charts/2020-03-19_SE.svg
2020-03-19,2020-03-06,SE,Sweden,40.984,61,charts/2020-03-19_SE.svg
2020-03-19,2020-03-07,SE,Sweden,76.026,137,charts/2020-03-19_SE.svg
2020-03-19,2020-03-08,SE,Sweden,127.771,161,charts/2020-03-19_SE.svg
2020-03-19,2020-03-09,SE,Sweden,197.637,203,charts/2020-03-19_SE.svg
2020-03-19,2020-03-10,SE,Sweden,285.124,248,charts/2020-03-19_SE.svg
2020-03-19,2020-03-11,SE,Sweden,387.939,326,charts/2020-03-19_SE.svg
2020-03-19,2020-03-12,SE,Sweden,502.484,462,charts/2020-03-19_SE.svg
2020-03-19,2020-03-13,SE,Sweden,624.492,620,charts/2020-03-19_SE.svg
2020-03-19,2020-03-14,SE,Sweden,749.626,775,charts/2020-03-19_SE.svg
2020-03-19,2020-03-15,SE,Sweden,873.953,924,charts/2020-03-19_SE.svg
2020-03-19,2020-03-16,SE,Sweden,994.217,1032,charts/2020-03-19_SE.svg
2020-03-19,2020-03-17,SE,Sweden,1107.967,1121,charts/2020-03-19_SE.svg
2020-03-19,2020-03-18,SE,Sweden,1213.541,1167,charts/2020-03-19_SE.svg
2020-03-19,2020-03-19,SE,Sweden,1309.982,1301,charts/2020-03-19_SE.svg
2020-03-19,2020-03-20,SE,Sweden,1396.912,,charts/2020-03-19_SE.svg
2020-03-19,2020-03-21,SE,Sweden,1474.395,,charts/2020-03-19_SE.svg
2020-03-19,2020-03-22,SE,Sweden,1542.809,,charts/2020-03-19_SE.svg
2020-03-19,2020-01-31,SG,Singapore,23.466,13,charts/2020-03-19_SG.svg
2020-03-19,2020-02-01,SG,Singapore,24.689,16,charts/2020-03-19_SG.svg
2020-03-19,2020-02-02,SG,Singapore,25.975,18,charts/2020-03-19_SG.svg
2020-03-19,2020-02-03,SG,Singapore,27.327,18,charts/2020-03-19_SG.svg
2020-03-19,2020-02-04,SG,Singapore,28.750,18,charts/2020-03-19_SG.svg
2020-03-19,2020-02-05,SG,Singapore,30.247,24,charts/2020-03-19_SG.svg
2020-03-19,2020-02-06,SG,Singapore,31.822,28,charts/2020-03-19_SG.svg
2020-03-19,2020-02-07,SG,Singapore,33.478,30,charts/2020-03-19_SG.svg
2020-03-19,2020-02-08,SG,Singapore,35.220,33,charts/2020-03-19_SG.svg
2020-03-19,2020-02-09,SG,Singapore,37.053,40,charts/2020-03-19_SG.svg
2020-03-19,2020-02-10,SG,Singapore,38.981,43,charts/2020-03-19_SG.svg
2020-03-19,2020-02-11,SG,Singapore,41.009,45,charts/2020-03-19_SG.svg
2020-03-19,2020-02-12,SG,Singapore,43.142,47,charts/2020-03-19_SG.svg
2020-03-19,2020-02-13,SG,Singapore,45.385,50,charts/2020-03-19_SG.svg
2020-03-19,2020-02-14,SG,Singapore,47.745,58,charts/2020-03-19_SG.svg
2020-03-19,2020-02-15,SG,Singapore,50.227,67,charts/2020-03-19_SG.svg
2020-03-19,2020-02-16,SG,Singapore,52.839,72,charts/2020-03-19_SG.svg
2020-03-19,2020-02-17,SG,Singapore,55.585,75,charts/2020-03-19_SG.svg
2020-03-19,2020-02-18,SG,Singapore,58.474,77,charts/2020-03-19_SG.svg
2020-03-19,2020-02-19,SG,Singapore,61.512,81,charts/2020-03-19_SG.svg
2020-03-19,2020-02-20,SG,Singapore,64.708,84,charts/2020-03-19_SG.svg
2020-03-19,2020-02-21,SG,Singapore,68.069,85,charts/2020-03-19_SG.svg
2020-03-19,2020-02-22,SG,Singapore,71.605,86,charts/2020-03-19_SG.svg
2020-03-19,2020-02-23,SG,Singapore,75.323,89,charts/2020-03-19_SG.svg
2020-03-19,2020-02-24,SG,Singapore,79.234,89,charts/2020-03-19_SG.svg
2020-03-19,2020-02-25,SG,Singapore,83.348,90,charts/2020-03-19_SG.svg
2020-03-19,2020-02-26,SG,Singapore,87.675,91,charts/2020-03-19_SG.svg
2020-03-19,2020-02-27,SG,Singapore,92.225,93,charts/2020-03-19_SG.svg
2020-03-19,2020-02-28,SG,Singapore,97.011,96,charts/2020-03-19_SG.svg
2020-03-19,2020-02-29,SG,Singapore,102.045,98,charts/2020-03-19_SG.svg
2020-03-19,2020-03-01,SG,Singapore,107.339,102,charts/2020-03-19_SG.svg
2020-03-19,2020-03-02,SG,Singapore,112.907,106,charts/2020-03-19_SG.svg
2020-03-19,2020-03-03,SG,Singapore,118.763,108,charts/2020-03-19_SG.svg
2020-03-19,2020-03-04,SG,Singapore,124.922,110,charts/2020-03-19_SG.svg
2020-03-19,2020-03-05,SG,Singapore,131.400,112,charts/2020-03-19_SG.svg
2020-03-19,2020-03-06,SG,Singapore,138.212,117,charts/2020-03-19_SG.svg
2020-03-19,2020-03-07,SG,Singapore,145.377,130,charts/2020-03-19_SG.svg
2020-03-19,2020-03-08,SG,Singapore,152.911,138,charts/2020-03-19_SG.svg
2020-03-19,2020-03-09,SG,Singapore,160.836,150,charts/2020-03-19_SG.svg
2020-03-19,2020-03-10,SG,Singapore,169.169,160,charts/2020-03-19_SG.svg
2020-03-19,2020-03-11,SG,Singapore,177.934,166,charts/2020-03-19_SG.svg
2020-03-19,2020-03-12,SG,Singapore,187.151,178,charts/2020-03-19_SG.svg
2020-03-19,2020-03-13,SG,Singapore,196.844,187,charts/2020-03-19_SG.svg
2020-03-19,2020-03-14,SG,Singapore,207.037,200,charts/2020-03-19_SG.svg
2020-03-19,2020-03-15,SG,Singapore,217.758,214,charts/2020-03-19_SG.svg
2020-03-19,2020-03-16,SG,Singapore,229.031,226,charts/2020-03-19_SG.svg
2020-03-19,2020-03-17,SG,Singapore,240.887,243,charts/2020-03-19_SG.svg
2020-03-19,2020-03-18,SG,Singapore,253.354,266,charts/2020-03-19_SG.svg
2020-03-19,2020-03-19,SG,Singapore,266.465,313,charts/2020-03-19_SG.svg
2020-03-19,2020-03-20,SG,Singapore,280.252,,charts/2020-03-19_SG.svg
2020-03-19,2020-03-21,SG,Singapore,294.751,,charts/2020-03-19_SG.svg
2020-03-19,2020-03-22,SG,Singapore,309.998,,charts/2020-03-19_SG.svg
2020-03-19,2020-03-08,SI,Slovenia,2.933,12,charts/2020-03-19_SI.svg
2020-03-19,2020-03-09,SI,Slovenia,11.382,16,charts/2020-03-19_SI.svg
2020-03-19,2020-03-11,SI,Slovenia,30.028,31,charts/2020-03-19_SI.svg
2020-03-19,2020-03-12,SI,Slovenia,60.116,57,charts/2020-03-19_SI.svg
2020-03-19,2020-03-13,SI,Slovenia,98.786,96,charts/2020-03-19_SI.svg
2020-03-19,2020-03-14,SI,Slovenia,140.940,141,charts/2020-03-19_SI.svg
2020-03-19,2020-03-15,SI,Slovenia,181.747,181,charts/2020-03-19_SI.svg
2020-03-19,2020-03-16,SI,Slovenia,218.012,219,charts/2020-03-19_SI.svg
2020-03-19,2020-03-17,SI,Slovenia,248.324,253,charts/2020-03-19_SI.svg
2020-03-19,2020-03-18,SI,Slovenia,272.565,275,charts/2020-03-19_SI.svg
2020-03-19,2020-03-19,SI,Slovenia,291.350,286,charts/2020-03-19_SI.svg
2020-03-19,2020-03-20,SI,Slovenia,305.580,,charts/2020-03-19_SI.svg
2020-03-19,2020-03-21,SI,Slovenia,316.187,,charts/2020-03-19_SI.svg
2020-03-19,2020-03-22,SI,Slovenia,324.001,,charts/2020-03-19_SI.svg
2020-03-19,2020-03-05,SM,San Marino,12.876,15,charts/2020-03-19_SM.svg
2020-03-19,2020-03-06,SM,San Marino,18.217,22,charts/2020-03-19_SM.svg
2020-03-19,2020-03-07,SM,San Marino,24.531,23,charts/2020-03-19_SM.svg
2020-03-19,2020-03-08,SM,San Marino,31.663,26,charts/2020-03-19_SM.svg
2020-03-19,2020-03-09,SM,San Marino,39.409,37,charts/2020-03-19_SM.svg
2020-03-19,2020-03-10,SM,San Marino,47.545,49,charts/2020-03-19_SM.svg
2020-03-19,2020-03-11,SM,San Marino,55.848,62,charts/2020-03-19_SM.svg
2020-03-19,2020-03-12,SM,San Marino,64.114,66,charts/2020-03-19_SM.svg
2020-03-19,2020-03-13,SM,San Marino,72.170,67,charts/2020-03-19_SM.svg
2020-03-19,2020-03-14,SM,San Marino,79.881,73,charts/2020-03-19_SM.svg
2020-03-19,2020-03-15,SM,San Marino,87.147,92,charts/2020-03-19_SM.svg
2020-03-19,2020-03-16,SM,San Marino,93.902,98,charts/2020-03-19_SM.svg
2020-03-19,2020-03-17,SM,San Marino,100.110,102,charts/2020-03-19_SM.svg
2020-03-19,2020-03-18,SM,San Marino,105.760,104,charts/2020-03-19_SM.svg
2020-03-19,2020-03-19,SM,San Marino,110.859,109,charts/2020-03-19_SM.svg
2020-03-19,2020-03-20,SM,San Marino,115.427,,charts/2020-03-19_SM.svg
2020-03-19,2020-03-21,SM,San Marino,119.494,,charts/2020-03-19_SM.svg
2020-03-19,2020-03-22,SM,San Marino,123.095,,charts/2020-03-19_SM.svg
2020-03-19,2020-01-28,TH,Thailand,3.919,14,charts/2020-03-19_TH.svg
2020-03-19,2020-01-29,TH,Thailand,4.262,14,charts/2020-03-19_TH.svg
2020-03-19,2020-01-30,TH,Thailand,4.634,14,charts/2020-03-19_TH.svg
2020-03-19,2020-01-31,TH,Thailand,5.038,14,charts/2020-03-19_TH.svg
2020-03-19,2020-02-01,TH,Thailand,5.478,19,charts/2020-03-19_TH.svg
2020-03-19,2020-02-02,TH,Thailand,5.956,19,charts/2020-03-19_TH.svg
2020-03-19,2020-02-03,TH,Thailand,6.476,19,charts/2020-03-19_TH.svg
2020-03-19,2020-02-04,TH,Thailand,7.041,19,charts/2020-03-19_TH.svg
2020-03-19,2020-02-05,TH,Thailand,7.655,25,charts/2020-03-19_TH.svg
2020-03-19,2020-02-06,TH,Thailand,8.322,25,charts/2020-03-19_TH.svg
2020-03-19,2020-02-07,TH,Thailand,9.047,25,charts/2020-03-19_TH.svg
2020-03-19,2020-02-08,TH,Thailand,9.836,32,charts/2020-03-19_TH.svg
2020-03-19,2020-02-09,TH,Thailand,10.693,32,charts/2020-03-19_TH.svg
2020-03-19,2020-02-10,TH,Thailand,11.624,32,charts/2020-03-19_TH.svg
2020-03-19,2020-02-11,TH,Thailand,12.636,32,charts/2020-03-19_TH.svg
2020-03-19,2020-02-12,TH,Thailand,13.736,33,charts/2020-03-19_TH.svg
2020-03-19,2020-02-13,TH,Thailand,14.932,33,charts/2020-03-19_TH.svg
2020-03-19,2020-02-14,TH,Thailand,16.231,33,charts/2020-03-19_TH.svg
2020-03-19,2020-02-15,TH,Thailand,17.643,34,charts/2020-03-19_TH.svg
2020-03-19,2020-02-16,TH,Thailand,19.177,34,charts/2020-03-19_TH.svg
2020-03-19,2020-02-17,TH,Thailand,20.845,34,charts/2020-03-19_TH.svg
2020-03-19,2020-02-18,TH,Thailand,22.657,35,charts/2020-03-19_TH.svg
2020-03-19,2020-02-19,TH,Thailand,24.626,35,charts/2020-03-19_TH.svg
2020-03-19,2020-02-20,TH,Thailand,26.766,35,charts/2020-03-19_TH.svg
2020-03-19,2020-02-21,TH,Thailand,29.091,35,charts/2020-03-19_TH.svg
2020-03-19,2020-02-22,TH,Thailand,31.618,35,charts/2020-03-19_TH.svg
2020-03-19,2020-02-23,TH,Thailand,34.363,35,charts/2020-03-19_TH.svg
2020-03-19,2020-02-24,TH,Thailand,37.347,35,charts/2020-03-19_TH.svg
2020-03-19,2020-02-25,TH,Thailand,40.588,37,charts/2020-03-19_TH.svg
2020-03-19,2020-02-26,TH,Thailand,44.110,40,charts/2020-03-19_TH.svg
2020-03-19,2020-02-27,TH,Thailand,47.936,40,charts/2020-03-19_TH.svg
2020-03-19,2020-02-28,TH,Thailand,52.094,40,charts/2020-03-19_TH.svg
2020-03-19,2020-02-29,TH,Thailand,56.611,42,charts/2020-03-19_TH.svg
2020-03-19,2020-03-01,TH,Thailand,61.518,42,charts/2020-03-19_TH.svg
2020-03-19,2020-03-02,TH,Thailand,66.850,43,charts/2020-03-19_TH.svg
2020-03-19,2020-03-05,TH,Thailand,72.642,47,charts/2020-03-19_TH.svg
2020-03-19,2020-03-07,TH,Thailand,78.935,50,charts/2020-03-19_TH.svg
2020-03-19,2020-03-11,TH,Thailand,85.771,59,charts/2020-03-19_TH.svg
2020-03-19,2020-03-12,TH,Thailand,93.198,70,charts/2020-03-19_TH.svg
2020-03-19,2020-03-14,TH,Thailand,101.266,82,charts/2020-03-19_TH.svg
2020-03-19,2020-03-15,TH,Thailand,110.030,82,charts/2020-03-19_TH.svg
2020-03-19,2020-03-16,TH,Thailand,119.551,114,charts/2020-03-19_TH.svg
2020-03-19,2020-03-17,TH,Thailand,129.892,177,charts/2020-03-19_TH.svg
2020-03-19,2020-03-18,TH,Thailand,141.126,177,charts/2020-03-19_TH.svg
2020-03-19,2020-03-19,TH,Thailand,153.328,177,charts/2020-03-19_TH.svg
2020-03-19,2020-03-20,TH,Thailand,166.583,,charts/2020-03-19_TH.svg
2020-03-19,2020-03-21,TH,Thailand,180.980,,charts/2020-03-19_TH.svg
2020-03-19,2020-03-22,TH,Thailand,196.617,,charts/2020-03-19_TH.svg
2020-03-19,2020-02-05,TW,Taiwan,11.379,11,charts/2020-03-19_TW.svg
2020-03-19,2020-02-06,TW,Taiwan,11.924,11,charts/2020-03-19_TW.svg
2020-03-19,2020-02-07,TW,Taiwan,12.496,16,charts/2020-03-19_TW.svg
2020-03-19,2020-02-08,TW,Taiwan,13.095,17,charts/2020-03-19_TW.svg
2020-03-19,2020-02-09,TW,Taiwan,13.722,18,charts/2020-03-19_TW.svg
2020-03-19,2020-02-10,TW,Taiwan,14.380,18,charts/2020-03-19_TW.svg
2020-03-19,2020-02-11,TW,Taiwan,15.069,18,charts/2020-03-19_TW.svg
2020-03-19,2020-02-12,TW,Taiwan,15.791,18,charts/2020-03-19_TW.svg
2020-03-19,2020-02-13,TW,Taiwan,16.547,18,charts/2020-03-19_TW.svg
2020-03-19,2020-02-14,TW,Taiwan,17.340,18,charts/2020-03-19_TW.svg
2020-03-19,2020-02-15,TW,Taiwan,18.170,18,charts/2020-03-19_TW.svg
2020-03-19,2020-02-16,TW,Taiwan,19.040,18,charts/2020-03-19_TW.svg
2020-03-19,2020-02-17,TW,Taiwan,19.952,20,charts/2020-03-19_TW.svg
2020-03-19,2020-02-18,TW,Taiwan,20.907,22,charts/2020-03-19_TW.svg
2020-03-19,2020-02-19,TW,Taiwan,21.907,22,charts/2020-03-19_TW.svg
2020-03-19,2020-02-20,TW,Taiwan,22.956,24,charts/2020-03-19_TW.svg
2020-03-19,2020-02-21,TW,Taiwan,24.054,24,charts/2020-03-19_TW.svg
2020-03-19,2020-02-22,TW,Taiwan,25.205,26,charts/2020-03-19_TW.svg
2020-03-19,2020-02-23,TW,Taiwan,26.411,26,charts/2020-03-19_TW.svg
2020-03-19,2020-02-24,TW,Taiwan,27.674,28,charts/2020-03-19_TW.svg
2020-03-19,2020-02-25,TW,Taiwan,28.998,30,charts/2020-03-19_TW.svg
2020-03-19,2020-02-26,TW,Taiwan,30.384,31,charts/2020-03-19_TW.svg
2020-03-19,2020-02-27,TW,Taiwan,31.837,32,charts/2020-03-19_TW.svg
2020-03-19,2020-02-28,TW,Taiwan,33.359,34,charts/2020-03-19_TW.svg
2020-03-19,2020-02-29,TW,Taiwan,34.954,39,charts/2020-03-19_TW.svg
2020-03-19,2020-03-01,TW,Taiwan,36.624,40,charts/2020-03-19_TW.svg
2020-03-19,2020-03-02,TW,Taiwan,38.375,40,charts/2020-03-19_TW.svg
2020-03-19,2020-03-03,TW,Taiwan,40.208,41,charts/2020-03-19_TW.svg
2020-03-19,2020-03-04,TW,Taiwan,42.129,42,charts/2020-03-19_TW.svg
2020-03-19,2020-03-06,TW,Taiwan,44.142,44,charts/2020-03-19_TW.svg
2020-03-19,2020-03-07,TW,Taiwan,46.250,45,charts/2020-03-19_TW.svg
2020-03-19,2020-03-08,TW,Taiwan,48.459,45,charts/2020-03-19_TW.svg
2020-03-19,2020-03-09,TW,Taiwan,50.773,45,charts/2020-03-19_TW.svg
2020-03-19,2020-03-11,TW,Taiwan,53.197,48,charts/2020-03-19_TW.svg
2020-03-19,2020-03-12,TW,Taiwan,55.737,48,charts/2020-03-19_TW.svg
2020-03-19,2020-03-13,TW,Taiwan,58.397,49,charts/2020-03-19_TW.svg
2020-03-19,2020-03-14,TW,Taiwan,61.184,53,charts/2020-03-19_TW.svg
2020-03-19,2020-03-15,TW,Taiwan,64.104,59,charts/2020-03-19_TW.svg
2020-03-19,2020-03-16,TW,Taiwan,67.163,59,charts/2020-03-19_TW.svg
2020-03-19,2020-03-17,TW,Taiwan,70.367,67,charts/2020-03-19_TW.svg
2020-03-19,2020-03-18,TW,Taiwan,73.723,77,charts/2020-03-19_TW.svg
2020-03-19,2020-03-19,TW,Taiwan,77.240,108,charts/2020-03-19_TW.svg
2020-03-19,2020-03-20,TW,Taiwan,80.923,,charts/2020-03-19_TW.svg
2020-03-19,2020-03-21,TW,Taiwan,84.782,,charts/2020-03-19_TW.svg
2020-03-19,2020-03-22,TW,Taiwan,88.824,,charts/2020-03-19_TW.svg
2020-03-19,2020-02-03,US,United States of America,0.015,11,charts/2020-03-19_US.svg
2020-03-19,2020-02-04,US,United States of America,0.021,11,charts/2020-03-19_US.svg
2020-03-19,2020-02-05,US,United States of America,0.028,11,charts/2020-03-19_US.svg
2020-03-19,2020-02-06,US,United States of America,0.038,12,charts/2020-03-19_US.svg
2020-03-19,2020-02-07,US,United States of America,0.051,12,charts/2020-03-19_US.svg
2020-03-19,2020-02-08,US,United States of America,0.069,12,charts/2020-03-19_US.svg
2020-03-19,2020-02-09,US,United States of America,0.093,12,charts/2020-03-19_US.svg
2020-03-19,2020-02-10,US,United States of America,0.125,12,charts/2020-03-19_US.svg
2020-03-19,2020-02-11,US,United States of America,0.169,13,charts/2020-03-19_US.svg
2020-03-19,2020-02-12,US,United States of America,0.228,13,charts/2020-03-19_US.svg
2020-03-19,2020-02-13,US,United States of America,0.307,14,charts/2020-03-19_US.svg
2020-03-19,2020-02-14,US,United States of America,0.413,15,charts/2020-03-19_US.svg
2020-03-19,2020-02-15,US,United States of America,0.557,15,charts/2020-03-19_US.svg
2020-03-19,2020-02-16,US,United States of America,0.750,15,charts/2020-03-19_US.svg
2020-03-19,2020-02-17,US,United States of America,1.009,15,charts/2020-03-19_US.svg
2020-03-19,2020-02-18,US,United States of America,1.358,15,charts/2020-03-19_US.svg
2020-03-19,2020-02-19,US,United States of America,1.828,15,charts/2020-03-19_US.svg
2020-03-19,2020-02-20,US,United States of America,2.459,15,charts/2020-03-19_US.svg
2020-03-19,2020-02-21,US,United States of America,3.307,16,charts/2020-03-19_US.svg
2020-03-19,2020-02-22,US,United States of America,4.447,35,charts/2020-03-19_US.svg
2020-03-19,2020-02-23,US,United States of America,5.978,35,charts/2020-03-19_US.svg
2020-03-19,2020-02-24,US,United States of America,8.035,35,charts/2020-03-19_US.svg
2020-03-19,2020-02-25,US,United States of America,10.797,53,charts/2020-03-19_US.svg
2020-03-19,2020-02-26,US,United States of America,14.504,53,charts/2020-03-19_US.svg
2020-03-19,2020-02-27,US,United States of America,19.480,59,charts/2020-03-19_US.svg
2020-03-19,2020-02-28,US,United States of America,26.157,60,charts/2020-03-19_US.svg
2020-03-19,2020-02-29,US,United States of America,35.115,66,charts/2020-03-19_US.svg
2020-03-19,2020-03-01,US,United States of America,47.129,69,charts/2020-03-19_US.svg
2020-03-19,2020-03-02,US,United States of America,63.238,89,charts/2020-03-19_US.svg
2020-03-19,2020-03-03,US,United States of America,84.835,103,charts/2020-03-19_US.svg
2020-03-19,2020-03-04,US,United States of America,113.781,125,charts/2020-03-19_US.svg
2020-03-19,2020-03-05,US,United States of America,152.567,159,charts/2020-03-19_US.svg
2020-03-19,2020-03-06,US,United States of America,204.527,233,charts/2020-03-19_US.svg
2020-03-19,2020-03-07,US,United States of America,274.121,338,charts/2020-03-19_US.svg
2020-03-19,2020-03-08,US,United States of America,367.309,433,charts/2020-03-19_US.svg
2020-03-19,2020-03-09,US,United States of America,492.063,554,charts/2020-03-19_US.svg
2020-03-19,2020-03-10,US,United States of America,659.035,754,charts/2020-03-19_US.svg
2020-03-19,2020-03-11,US,United States of America,882.463,1025,charts/2020-03-19_US.svg
2020-03-19,2020-03-12,US,United States of America,1181.365,1312,charts/2020-03-19_US.svg
2020-03-19,2020-03-13,US,United States of America,1581.144,1663,charts/2020-03-19_US.svg
2020-03-19,2020-03-14,US,United States of America,2115.721,2174,charts/2020-03-19_US.svg
2020-03-19,2020-03-15,US,United States of America,2830.382,2951,charts/2020-03-19_US.svg
2020-03-19,2020-03-16,US,United States of America,3785.575,3774,charts/2020-03-19_US.svg
2020-03-19,2020-03-17,US,United States of America,5061.958,4661,charts/2020-03-19_US.svg
2020-03-19,2020-03-18,US,United States of America,6767.143,6427,charts/2020-03-19_US.svg
2020-03-19,2020-03-19,US,United States of America,9044.661,9415,charts/2020-03-19_US.svg
2020-03-19,2020-03-20,US,United States of America,12085.914,,charts/2020-03-19_US.svg
2020-03-19,2020-03-21,US,United States of America,16146.076,,charts/2020-03-19_US.svg
2020-03-19,2020-03-22,US,United States of America,21565.269,,charts/2020-03-19_US.svg
2020-03-19,2020-02-07,VN,Vietnam,5.095,12,charts/2020-03-19_VN.svg
2020-03-19,2020-02-08,VN,Vietnam,5.461,13,charts/2020-03-19_VN.svg
2020-03-19,2020-02-09,VN,Vietnam,5.854,14,charts/2020-03-19_VN.svg
2020-03-19,2020-02-10,VN,Vietnam,6.275,14,charts/2020-03-19_VN.svg
2020-03-19,2020-02-11,VN,Vietnam,6.726,15,charts/2020-03-19_VN.svg
2020-03-19,2020-02-12,VN,Vietnam,7.209,15,charts/2020-03-19_VN.svg
2020-03-19,2020-02-13,VN,Vietnam,7.727,16,charts/2020-03-19_VN.svg
2020-03-19,2020-02-14,VN,Vietnam,8.282,16,charts/2020-03-19_VN.svg
2020-03-19,2020-02-15,VN,Vietnam,8.877,16,charts/2020-03-19_VN.svg
2020-03-19,2020-02-16,VN,Vietnam,9.514,16,charts/2020-03-19_VN.svg
2020-03-19,2020-02-17,VN,Vietnam,10.197,16,charts/2020-03-19_VN.svg
2020-03-19,2020-02-18,VN,Vietnam,10.929,16,charts/2020-03-19_VN.svg
2020-03-19,2020-02-19,VN,Vietnam,11.714,16,charts/2020-03-19_VN.svg
2020-03-19,2020-02-20,VN,Vietnam,12.554,16,charts/2020-03-19_VN.svg
2020-03-19,2020-02-21,VN,Vietnam,13.455,16,charts/2020-03-19_VN.svg
2020-03-19,2020-02-22,VN,Vietnam,14.420,16,charts/2020-03-19_VN.svg
2020-03-19,2020-02-23,VN,Vietnam,15.453,16,charts/2020-03-19_VN.svg
2020-03-19,2020-02-24,VN,Vietnam,16.561,16,charts/2020-03-19_VN.svg
2020-03-19,2020-02-25,VN,Vietnam,17.748,16,charts/2020-03-19_VN.svg
2020-03-19,2020-02-26,VN,Vietnam,19.020,16,charts/2020-03-19_VN.svg
2020-03-19,2020-02-27,VN,Vietnam,20.383,16,charts/2020-03-19_VN.svg
2020-03-19,2020-02-28,VN,Vietnam,21.843,16,charts/2020-03-19_VN.svg
2020-03-19,2020-02-29,VN,Vietnam,23.408,16,charts/2020-03-19_VN.svg
2020-03-19,2020-03-01,VN,Vietnam,25.084,16,charts/2020-03-19_VN.svg
2020-03-19,2020-03-02,VN,Vietnam,26.880,16,charts/2020-03-19_VN.svg
2020-03-19,2020-03-07,VN,Vietnam,28.804,17,charts/2020-03-19_VN.svg
2020-03-19,2020-03-08,VN,Vietnam,30.865,21,charts/2020-03-19_VN.svg
2020-03-19,2020-03-09,VN,Vietnam,33.073,30,charts/2020-03-19_VN.svg
2020-03-19,2020-03-10,VN,Vietnam,35.439,31,charts/2020-03-19_VN.svg
2020-03-19,2020-03-11,VN,Vietnam,37.974,35,charts/2020-03-19_VN.svg
2020-03-19,2020-03-12,VN,Vietnam,40.690,39,charts/2020-03-19_VN.svg
2020-03-19,2020-03-13,VN,Vietnam,43.599,44,charts/2020-03-19_VN.svg
2020-03-19,2020-03-14,VN,Vietnam,46.715,49,charts/2020-03-19_VN.svg
2020-03-19,2020-03-15,VN,Vietnam,50.054,53,charts/2020-03-19_VN.svg
2020-03-19,2020-03-16,VN,Vietnam,53.631,57,charts/2020-03-19_VN.svg
2020-03-19,2020-03-17,VN,Vietnam,57.462,61,charts/2020-03-19_VN.svg
2020-03-19,2020-03-18,VN,Vietnam,61.566,61,charts/2020-03-19_VN.svg
2020-03-19,2020-03-19,VN,Vietnam,65.963,76,charts/2020-03-19_VN.svg
2020-03-19,2020-03-20,VN,Vietnam,70.672,,charts/2020-03-19_VN.svg
2020-03-19,2020-03-21,VN,Vietnam,75.717,,charts/2020-03-19_VN.svg
2020-03-19,2020-03-22,VN,Vietnam,81.121,,charts/2020-03-19_VN.svg
2020-03-20,2020-02-27,ES,Spain,0.563,13,charts/2020-03-20_ES.svg
2020-03-20,2020-02-28,ES,Spain,1.450,25,charts/2020-03-20_ES.svg
2020-03-20,2020-02-29,ES,Spain,3.475,41,charts/2020-03-20_ES.svg
2020-03-20,2020-03-01,ES,Spain,7.801,58,charts/2020-03-20_ES.svg
2020-03-20,2020-03-02,ES,Spain,16.474,84,charts/2020-03-20_ES.svg
2020-03-20,2020-03-03,ES,Spain,32.882,123,charts/2020-03-20_ES.svg
2020-03-20,2020-03-04,ES,Spain,62.300,165,charts/2020-03-20_ES.svg
2020-03-20,2020-03-05,ES,Spain,112.481,193,charts/2020-03-20_ES.svg
2020-03-20,2020-03-06,ES,Spain,194.231,229,charts/2020-03-20_ES.svg
2020-03-20,2020-03-07,ES,Spain,321.857,387,charts/2020-03-20_ES.svg
2020-03-20,2020-03-08,ES,Spain,513.410,516,charts/2020-03-20_ES.svg
2020-03-20,2020-03-09,ES,Spain,790.622,589,charts/2020-03-20_ES.svg
2020-03-20,2020-03-10,ES,Spain,1178.505,1227,charts/2020-03-20_ES.svg
2020-03-20,2020-03-11,ES,Spain,1704.581,1695,charts/2020-03-20_ES.svg
2020-03-20,2020-03-12,ES,Spain,2397.808,2182,charts/2020-03-20_ES.svg
2020-03-20,2020-03-13,ES,Spain,3287.255,3004,charts/2020-03-20_ES.svg
2020-03-20,2020-03-14,ES,Spain,4400.658,4334,charts/2020-03-20_ES.svg
2020-03-20,2020-03-15,ES,Spain,5762.974,6393,charts/2020-03-20_ES.svg
2020-03-20,2020-03-16,ES,Spain,7395.052,7753,charts/2020-03-20_ES.svg
2020-03-20,2020-03-17,ES,Spain,9312.529,9191,charts/2020-03-20_ES.svg
2020-03-20,2020-03-18,ES,Spain,11525.029,11178,charts/2020-03-20_ES.svg
2020-03-20,2020-03-19,ES,Spain,14035.696,13716,charts/2020-03-20_ES.svg
2020-03-20,2020-03-20,ES,Spain,16841.085,17147,charts/2020-03-20_ES.svg
2020-03-20,2020-03-21,ES,Spain,19931.378,,charts/2020-03-20_ES.svg
2020-03-20,2020-03-22,ES,Spain,23290.882,,charts/2020-03-20_ES.svg
2020-03-20,2020-03-23,ES,Spain,26898.752,,charts/2020-03-20_ES.svg
2020-03-20,2020-02-22,IT,Italy,23.960,20,charts/2020-03-20_IT.svg
2020-03-20,2020-02-23,IT,Italy,41.615,76,charts/2020-03-20_IT.svg
2020-03-20,2020-02-24,IT,Italy,69.883,157,charts/2020-03-20_IT.svg
2020-03-20,2020-02-25,IT,Italy,113.690,270,charts/2020-03-20_IT.svg
2020-03-20,2020-02-26,IT,Italy,179.536,323,charts/2020-03-20_IT.svg
2020-03-20,2020-02-27,IT,Italy,275.710,470,charts/2020-03-20_IT.svg
2020-03-20,2020-02-28,IT,Italy,412.441,653,charts/2020-03-20_IT.svg
2020-03-20,2020-02-29,IT,Italy,601.976,888,charts/2020-03-20_IT.svg
2020-03-20,2020-03-01,IT,Italy,858.531,1128,charts/2020-03-20_IT.svg
2020-03-20,2020-03-02,IT,Italy,1198.139,1694,charts/2020-03-20_IT.svg
2020-03-20,2020-03-03,IT,Italy,1638.358,2036,charts/2020-03-20_IT.svg
2020-03-20,2020-03-04,IT,Italy,2197.870,2502,charts/2020-03-20_IT.svg
2020-03-20,2020-03-05,IT,Italy,2895.974,3089,charts/2020-03-20_IT.svg
2020-03-20,2020-03-06,IT,Italy,3752.005,3927,charts/2020-03-20_IT.svg
2020-03-20,2020-03-07,IT,Italy,4784.718,4636,charts/2020-03-20_IT.svg
2020-03-20,2020-03-08,IT,Italy,6011.650,5883,charts/2020-03-20_IT.svg
2020-03-20,2020-03-09,IT,Italy,7448.522,7375,charts/2020-03-20_IT.svg
2020-03-20,2020-03-10,IT,Italy,9108.695,9172,charts/2020-03-20_IT.svg
2020-03-20,2020-03-11,IT,Italy,11002.712,10283,charts/2020-03-20_IT.svg
2020-03-20,2020-03-12,IT,Italy,13137.947,12462,charts/2020-03-20_IT.svg
2020-03-20,2020-03-13,IT,Italy,15518.367,15113,charts/2020-03-20_IT.svg
2020-03-20,2020-03-14,IT,Italy,18144.427,17660,charts/2020-03-20_IT.svg
2020-03-20,2020-03-15,IT,Italy,21013.069,21157,charts/2020-03-20_IT.svg
2020-03-20,2020-03-16,IT,Italy,24117.846,24938,charts/2020-03-20_IT.svg
2020-03-20,2020-03-17,IT,Italy,27449.129,27980,charts/2020-03-20_IT.svg
2020-03-20,2020-03-18,IT,Italy,30994.410,31506,charts/2020-03-20_IT.svg
2020-03-20,2020-03-19,IT,Italy,34738.650,35713,charts/2020-03-20_IT.svg
2020-03-20,2020-03-20,IT,Italy,38664.681,37178,charts/2020-03-20_IT.svg
2020-03-20,2020-03-21,IT,Italy,42753.629,,charts/2020-03-20_IT.svg
2020-03-20,2020-03-22,IT,Italy,46985.345,,charts/2020-03-20_IT.svg
2020-03-20,2020-03-23,IT,Italy,51338.822,,charts/2020-03-20_IT.svg
